 Theta1: 0, Theta1: 1, Theta1: 2, Theta1: 3, Theta2: 0, Theta2: 1, Theta2: 2, Theta2: 3, Alpha1: 0, Alpha1: 1, Alpha1: 2, Alpha1: 3, Alpha2: 0, Alpha2: 1, Alpha2: 2, Alpha2: 3, Beta1: 0, Beta1: 1, Beta1: 2, Beta1: 3, Beta2: 0, Beta2: 1, Beta2: 2, Beta2: 3,Gamma1: 0,Gamma1: 1,Gamma1: 2,Gamma1: 3,Gamma2: 0,Gamma2: 1,Gamma2: 2,Gamma2: 3
0.5159390909041606,-0.0667904279214773,0.5211030541750455,0.7910519607463323,0.7918781820790503,0.9495361071463033,1.082531988560291,0.6939678653560596,1.2375816697372475,0.928208019521344,0.8674242188896708,1.2101900921982236,1.2121461170443733,1.4406207178789112,1.6587259381201702,0.5600906197292388,1.584455962841628,1.2538383271173155,0.9652901648085872,1.2974156674118837,1.3168777752731127,1.629681594471769,1.8761231592082126,1.1230379301843996,1.701706535539416,1.2713326009090418,1.253588674401669,1.266090131032223,1.425129763751009,1.6999275762700625,1.814469551209494,0.2910199992371953
1.5955140610902458,1.5125681850405872,1.3433622716672626,1.2613070285843586,1.4756100393595388,1.7183656133923313,1.6382168886692374,1.1653926808911093,1.2339380084827625,1.5633812130449363,1.2139559354230174,1.2816114700481773,1.3678382634174358,1.7223639806404354,1.6853816097630494,0.3250596075343816,1.3466350355014902,1.617867213994395,1.3561670229329041,1.2888104802979077,1.251878162594669,1.5490409497193933,1.5821425536694194,0.9523808459628214,1.4484367298696628,1.637188927599016,1.4195703851880408,1.2089426579490807,1.2069211406041807,1.6479606723817177,1.7824619971674263,1.364032951135277
1.3462975302269289,1.448715518152556,1.3302252648520223,1.2056145377467355,1.2160120427300327,1.6683623813906097,1.871848634079804,1.510765654504183,1.1195892629694675,1.5049816087431143,1.3439398802273603,1.2848498914945798,1.2398049613571904,1.6223991888450164,1.7400272319618302,1.4287794864279204,1.0422917907918872,1.6446365698574184,1.3837197297712176,1.2439358268304943,1.3222154812675204,1.6005931934858648,1.5511661849703369,1.2805979725150607,0.7787504588573274,1.571225510893166,1.393502697992622,1.293404209147242,1.2490916357254898,1.6475273007688336,1.654931169099256,1.0301661906960962
1.2833392129054197,1.3024387750235238,1.3170361527682506,1.2269817343446374,1.2696842333724476,1.6365969648836947,1.8205593497978005,1.420441141828713,1.5166992634721657,1.4209341417700954,1.3443056435181289,1.1959054118992036,1.3386111110094208,1.6533611335050384,1.7350700593676793,1.4331173221617952,1.4430383837497216,1.4759109787091391,1.3927547906397768,1.2834226847032095,1.2292855922514443,1.5732250814526014,1.4902150163109633,1.031310919016286,1.0530220900867475,1.3668733712610626,1.3914988511703463,1.3376148531937624,1.2045930709926456,1.667207882644558,1.5793948664726767,1.4779297360446766
1.4595675529691594,1.4033687068060556,1.4437764876535744,1.3472498947658065,1.4561910190335494,1.6861602728860483,1.558827689761815,1.7467640424401876,1.5027713540798238,1.6765293981420102,1.395232857930362,1.257598586643162,1.519210078251658,1.6788852030805363,1.5192767896464003,1.731092716720226,1.33061008107626,1.6887674337156815,1.378998477048156,1.185851781435834,1.4237554651337065,1.6357644171434966,1.58181390148605,1.4152963312646434,0.473082798500313,1.6175444049699175,1.3993591780601207,1.284696152045798,1.4928723796612988,1.6031711788568554,1.6347631380541654,1.1596769324736493
0.9286750737042744,1.5525896240799781,1.5838594182970362,1.2711761393503345,1.597798688073093,1.6251790340333685,1.7055203455981671,1.3834789490173047,0.757067080117772,1.5041584583918748,1.5003039048078415,1.2623757507577866,1.4980694862273856,1.6942874677258686,1.6465705762524627,1.3448436626780365,0.54848663238558,1.5484654068085655,1.2380835297175126,1.323592302535898,1.3156971274939206,1.519920111137759,1.4493341013020837,1.2305497694346255,0.8082382434073352,1.5375514083345296,1.3770110275374656,1.3931363547995712,1.3058862665221465,1.4757554061637224,1.598457811184466,0.8419185206982843
1.1862861652557117,1.5010126955004537,1.4124025016120991,1.4003304324467365,1.3199576462782543,1.5475399318612988,1.7345275536027478,1.2977085544311666,1.1474221552387145,1.4131595838257123,1.2220525856323987,1.3624860576261728,1.2371852360110533,1.6089194919365093,1.6620717667510432,1.3721946468394859,1.0253895181603112,1.5867507179162352,1.2647914591776577,1.3450854438502515,1.2071566387752142,1.4727491205067322,1.4350383805626938,1.2993512531200546,1.088287322172415,1.6047130618340728,1.2956219403085691,1.3078343065970814,1.2067948102906454,1.5352374173226448,1.604901585278408,1.0101313968672876
1.458520962120052,1.4297794774708943,1.2116550259708512,1.2546791482191502,1.3058194379507286,1.502491289102043,1.749192478260001,1.455201781771873,1.4260340239024856,1.4048522394273635,1.1901171770586996,1.2767070066120418,1.283333748130439,1.515057523131335,1.6573981247311405,1.4698532105845936,1.246201352240965,1.5818847523989057,1.3371762028528806,1.3183873858537676,1.2413436916251568,1.4727751468736072,1.4765010794766962,1.3140322718461728,1.3241084039332398,1.4934903386719265,1.298946282944562,1.2716789518777893,1.2885862757210347,1.6058731784254903,1.6809124009400696,1.033643122105566
1.559861767107919,1.411436242456117,1.0932720784067966,1.2946318763882123,1.341656491669913,1.6309841868246966,1.7308540652870685,1.4118058740984065,1.5367538271116647,1.6366987228843304,1.141857685634207,1.3491251221965233,1.3073469029003766,1.582362374157801,1.5406784135157798,1.4452123737033475,1.328775624344645,1.6437583244014566,1.2822877913277682,1.3104808630503297,1.2518559445355546,1.4875207928645462,1.4687659980237169,1.2714807168882472,1.3381588246642144,1.5675409358287968,1.3003702171327645,1.2846917000189415,1.3695275366585438,1.6392457960555686,1.6876397331527113,1.212731373022353
1.5031470309745856,1.6030677353164675,1.425419093177211,1.3096946708679902,1.4152902387263844,1.6430383425339148,1.7110544135392654,1.5417802107470255,1.4843854167929027,1.6042061546519728,1.3551453732675902,1.3540629641164588,1.3217609641976018,1.5824308547199801,1.586579945176961,1.5032978650330835,1.375913458202803,1.4684937578614345,1.3592897633149608,1.5152743321342494,1.2125715082924136,1.4885815090548986,1.558920686790768,1.377473618914345,1.3580024828634785,1.461610015727422,1.5125850803129353,1.519381020370645,1.2630165578234573,1.5901250031303449,1.614547457156402,0.7407771200439413
1.3066405745769332,1.5968745136454474,1.460934833031753,1.3564611220906098,1.380483078049162,1.685360267754973,1.7531795577241145,0.9163477298688915,1.0200567992537766,1.5811624997846996,1.223867981655533,1.290439306132928,1.3175600647968393,1.7159267311112496,1.7080755243963315,0.3274331203735753,1.051374488089829,1.6078102210207876,1.2645575250984273,1.328541066036282,1.1677366226927783,1.5117457516460373,1.4893350336296618,1.0693434734864817,1.124538135458996,1.5863709057647553,1.3259492513488562,1.2583455185748682,1.1719636614266307,1.5696429849569327,1.6716805692078867,0.28005201908164873
1.3906346822487132,1.3506519451718295,1.3511271619886975,1.24976108163889,1.2184797594180505,1.6239282464534361,1.8123982518181552,1.114239260887414,1.4323995492273616,1.4747490642329362,1.3805403606220559,1.3046197564131743,1.200772189160211,1.5972872772802307,1.7033367748898711,1.171634380550598,1.4018578459937099,1.6109853295301433,1.3981718977668836,1.2890713595945382,1.2469054732805216,1.5436465480819446,1.5772077064563381,1.0969929547537005,1.3010836809046273,1.5497885534173843,1.386440167890288,1.2021061004292521,1.2774218010474225,1.692920556255894,1.7819994077551093,1.2600622570174118
1.2929947573800757,1.3069893207768728,1.3850091996660499,1.2425217792320777,1.260483424211229,1.6537374453664175,1.838951672285357,1.3591738738881403,1.3798720402141313,1.506724536083777,1.4003547948348394,1.3161581557974655,1.2207219214900702,1.5805087126701092,1.6771511225553621,1.2528599666963678,1.4084327144025877,1.6310627734951595,1.4040859308062137,1.2674421274237466,1.275132343422604,1.598335434224368,1.6197491466347385,1.0015275394743224,1.4579852222650085,1.577385999260773,1.3213422358912184,1.2108686629489267,1.3624760443116617,1.784953273578691,1.7638631138029421,1.5273860407974327
1.6142124562294629,1.603055596640927,1.3205573622343563,1.3106581891439524,1.4592857767795573,1.7701140302865046,1.6982319167627193,1.6671202309199253,1.5553585600753062,1.6762959122525976,1.3292233273191132,1.3602012284433327,1.4128655911480434,1.664627428167907,1.4700025031441457,1.5490773641914704,1.2593068321616845,1.4995212719106423,1.2136084433137633,1.4795895661041196,1.2784790048352042,1.5190752904921547,1.6092868823809212,1.187709586296386,1.378416657689759,1.098213481249208,1.1160828151548334,1.482411409113322,1.507211436649789,1.6577106451934487,1.7165834608947228,1.3247261408041415
1.4133532557824642,1.173273366684029,0.8425618346267603,1.3628768622834262,1.5529325640865292,1.7583568281259088,1.7326147548030908,1.513656127560921,1.0019969828639186,1.4321588356791917,0.96644874706677,1.3767333253223593,1.4604622632932749,1.7748495010137253,1.6728339565757862,1.1293288276033917,1.0905983094652316,1.5219688800003082,1.3129051572982504,1.2919240530761456,1.2613166238438311,1.5647815153244549,1.4588399346142549,1.0528044308780515,1.0864981399622347,1.4498486744594268,1.3847344982351237,1.328135378872286,1.1495466568080175,1.5884287049900434,1.6135593471107526,1.1484224004679022
0.9694550639525096,1.2539721448663916,1.3310530216818373,1.2575236141014203,1.2146680189178312,1.6373207138430579,1.7812828768782858,1.4286447728645006,1.3658143714595914,1.495256304901388,1.3319208719062026,1.2962710164340385,1.213188526829006,1.5951920120665337,1.7065097114216536,1.2536921903623879,1.4266591082086773,1.6440598036909788,1.4163095689752798,1.2857265810488627,1.2376042755287904,1.53575736224338,1.625355783168024,1.1574415350242113,1.377632915388034,1.6206759879125563,1.4290565286319368,1.1849560248690245,1.2939572618937574,1.6711983160333161,1.827890056139806,1.4282643119980283
1.453028240562891,1.393435962293535,1.365194193171282,1.0993083233665344,1.3267351848329647,1.6490298184362648,1.886145161134811,1.586617376965209,1.407247180097861,1.5568619443661236,1.3525705482467063,1.0320285978379138,1.416188079754925,1.6771598230384026,1.7581634616106034,1.6038470520903616,1.2137294494249904,1.649353542054866,1.3677658721868737,1.1842360892675667,1.4199393435839833,1.647757250294226,1.5445032042289,1.3448237639661633,0.8962401039019177,1.5384376576788328,1.3190858263342995,1.315417952922882,1.30694489414275,1.7260478366386136,1.5523971309103703,1.4088425530182451
1.5526614987565766,1.4412859113758771,1.4401226556250788,1.324637781829612,1.4675425192711258,1.7248776824530245,1.5204591503339036,1.7135877053023132,1.5791588117541784,1.6944867351729056,1.4243489669286833,1.2703205351063427,1.4799381823102302,1.6821016944843794,1.4130087264329467,1.6961447416956883,1.358302188264059,1.7123861807867284,1.2160619333442144,1.1919852904957167,1.372294304723981,1.5350303452857914,1.514775671111648,1.478058255411374,1.1022425468163715,1.646248420353915,1.2721627560474533,1.2074441826127573,1.5534780170851603,1.5853592473593665,1.699763133134861,1.2384443873821909
0.15648613552991034,1.5926029936085897,1.3227091884138518,1.44333260074984,1.6102479572613573,1.6249206953346653,1.7040473188734913,1.3589642754895892,0.9987594192897182,1.4270447009526404,1.1415144032741333,1.457723371172697,1.4658661371732338,1.6627141869076345,1.641667759486044,1.3217038276358166,1.0338176408908994,1.5676765589750963,1.2214503182718963,1.332018176491548,1.2707548626546292,1.4962481982861202,1.443013687457848,1.326780367276849,0.6867735110138102,1.6280492686819916,1.2899461479317391,1.303080773410022,1.2074696892845538,1.5353387515335577,1.5890361402989386,1.019990924585107
1.2340966214728761,1.5551422675377398,1.2412150896787313,1.3393683243077543,1.2004223783725547,1.573636987300799,1.7435403220739794,1.2969119107497376,1.2757010076686603,1.3434072571562437,1.102826258796426,1.3211458487193017,1.1901363851326001,1.5879847227251473,1.6625743610872517,1.4212270068345247,1.0249873221752774,1.5706712460528591,1.2917357129827245,1.3365548833608116,1.218004038438573,1.4586183758167413,1.4510269403890732,1.3337717048725064,1.0536343987895669,1.5601503018789213,1.3301271543768418,1.2949885852847018,1.2490145180173977,1.5403083050017365,1.6385024574235376,1.1001130659785225
1.4607637232483004,1.3482341044129607,1.2732133909654408,1.2462021146960058,1.319057042655279,1.5035237445365863,1.7557543947167404,1.4909228376946755,1.4462581534385794,1.4051386055041697,1.2184326957552654,1.2780623882209803,1.2946675616894616,1.519331707493302,1.6366093621274485,1.5089131170317776,1.2447285257778553,1.6148956260922345,1.3164737914949416,1.3214598647677889,1.2037677349338363,1.4720561919167663,1.4524334717483895,1.2899402490312826,1.4113892477534797,1.601759207971487,1.2644306649392387,1.3200984278531345,1.2167873438620094,1.5785341010820015,1.6210840318663327,1.2876425194959493
1.6336764491679407,1.4355193355556672,1.1979393036693404,1.3172747266165397,1.3205172150834106,1.5436769195912858,1.6368481062012041,1.6194283053129839,1.5650427824150202,1.61016459823676,1.2147400171551783,1.3694751081273178,1.3275965839983896,1.5150184009407606,1.483337092400702,1.5934826995733675,1.3651788908298184,1.6259658053190664,1.339027364616755,1.3446351761123627,1.2922304377123464,1.4873484008014648,1.378942003387114,1.336885419479264,1.2659330907797628,1.4596565195207483,1.3350947040548258,1.386065987174901,1.545582888047258,1.6327180192387722,1.5562137747905984,1.241573166696933
1.3523099894614274,1.3268547009839629,1.3095965976527966,1.4170632745741056,1.5836535685655029,1.6423017518088583,1.717267411538113,1.4943274715788537,1.1919052562670436,1.376302711977418,1.1596082489592985,1.3951678332778619,1.3749835979028604,1.643421247593704,1.683765493176998,1.4193961026759905,0.8986661744580625,1.497859644477948,1.211879097236953,1.3262417251146286,1.277447421356689,1.484771667640306,1.4341079442721765,1.381779544909173,0.9667626673623189,1.6055624792393872,1.3229809372491363,1.362973468692191,1.3290917095775125,1.5437709480095707,1.4558624711474575,1.2870782989912555
1.2053310354478095,1.6073958198342013,1.190704060094627,1.3493594714166446,1.4097974913794202,1.695175277605685,1.708220852779137,1.1632305268331533,1.0984907537709512,1.5487130587558855,1.0778481261146673,1.3167907490252733,1.3363761121887372,1.7178315251714735,1.6873641140345979,0.4929355975773846,1.1352991289000358,1.6121899292629105,1.285555815312323,1.350712524241868,1.2058160700317666,1.5084166093273956,1.5001355149553626,1.0401342641767417,1.1312809425455712,1.5746259528683901,1.3463720985494987,1.296809713270661,1.2017137935744489,1.5792996753226705,1.6912987625748452,0.70331674471319
1.3688057809046816,1.3178454781019115,1.3692775772583425,1.2604928734908214,1.2319116630724372,1.6263005191984912,1.8092662890656128,1.2092316641098977,1.3754340761192148,1.4863880340026474,1.3757176815755958,1.3055732865295153,1.215982311433188,1.5958815421977042,1.6769018832151992,1.2008997150521787,1.263674351406981,1.6186094699023084,1.3701083644902243,1.331538744213127,1.1747233852841226,1.4656636336713322,1.5123162264428982,1.1906271691431787,1.3782294659737486,1.5427670854003377,1.3336392664323933,1.3101900338575845,1.2331723971064488,1.6061385500077565,1.7005972981952446,1.0057458050767996
1.5783469397540888,1.4367776653990874,1.117049440642966,1.3212963428122924,1.3337760194542343,1.6294389871802593,1.724854140028103,1.4010851014386825,1.5359186569938637,1.6357506935338566,1.1323432036050738,1.367172092171945,1.2974614997683693,1.5689498578662264,1.5113037710919597,1.420958401814897,1.3671833391948935,1.631893444318226,1.3013324699913473,1.3109270833347242,1.2596288452725075,1.469312853070796,1.489196065715289,1.227020860545151,1.3904997521318314,1.5226130378446305,1.2848701913522975,1.2778566352960141,1.3961634154973146,1.6377690367150992,1.6791016346983705,1.2327249664392401
1.542210692287114,1.5590811685886807,1.398228328589995,1.331542484350691,1.4224217380441762,1.6407261356921434,1.6943399561980972,1.5329892857605454,1.4212960669266717,1.5518444445357669,1.323544089789135,1.3296292207681486,1.299489355353701,1.582889513779012,1.5788801952633933,1.4416036560840964,1.0348272270273522,1.4837647033458259,1.314690696564606,1.3368487603569033,1.2269456332025395,1.4709698850706088,1.393528265859312,1.336392162865551,1.0578154510901834,1.5898669955833704,1.4742630271437953,1.3028306788402668,1.2952613535811797,1.5743789494837523,1.6040294888119428,1.1478232676820619
1.1919022506381862,1.6203187696591221,1.4302339902463712,1.2773424203934143,1.3771803040943935,1.6746203615077049,1.778821443708491,1.1199145534620265,0.90760226185282,1.5731693732410492,1.2233130614038237,1.2773897753603105,1.318728694228574,1.7101681668445003,1.7248570856775545,0.6750667909724637,1.180949185069073,1.5338742204893248,1.3457975360853258,1.2621679751550714,1.200818396392562,1.5180304122331132,1.4783650924377592,1.043348121132613,1.0472083172852436,1.4125612990368248,1.4044389257014898,1.3219278242746095,1.1467917642781453,1.5946329359175895,1.6213985863886728,1.1471553472992766
1.0633172283091055,1.2251792871017686,1.357820735932357,1.259860978083684,1.20408370294115,1.6376078303486281,1.784802916245521,1.389888029974474,1.3007075160924282,1.4457142489618184,1.3695819107906015,1.303475195468382,1.209706154751898,1.5989567224591394,1.6954451005755518,1.1705640767285772,1.2782748903820087,1.4822524199316711,1.3795625585294078,1.291338421959344,1.2007233339473302,1.4863734162841626,1.469080936820086,0.7251408035186897,1.0299265219513623,1.319951139321773,1.3235405938464218,1.325737974976233,1.2136252384996395,1.6264850195077374,1.6313477152953115,1.3650091210181425
1.3733181392469236,1.405605007489359,1.1289384363597965,1.3632431111782688,1.3114658274686897,1.6333865793450824,1.6968417884053815,1.5443446008050281,1.5018801044648318,1.6052437436338536,1.164719235200083,1.3671151878714858,1.2973789924005446,1.5684439121212355,1.5303550554575618,1.385608972075004,1.4208508273444123,1.519347577214284,1.3600756576005122,1.321266848354275,1.1899082066025009,1.5070983909720386,1.479259784645237,0.7930648183098352,1.4398186757638929,1.3040808149066474,1.2852642370602678,1.2941750171783435,1.1771627332100678,1.6587618300834932,1.5809543570417648,1.4241739386056822
1.619004188295195,1.380238274436863,1.2339475292391704,1.25360201150663,1.3099512501925281,1.6567837529451876,1.5656195861711937,1.5875557295117182,1.5639487405998973,1.5445323167255167,1.2707756460171529,1.3407144224922707,1.2899845728521357,1.597088871621795,1.560292204301595,1.4380049752736885,1.388042374717719,1.4295141312475148,1.1987864646853414,1.47049628652842,1.2157915714872316,1.5058428080051096,1.610588329746004,1.2826753081188753,1.441534951163966,1.2009643613223755,1.2383062463660155,1.4535290568883912,1.2577517678846173,1.5782049783964107,1.5986475822881254,0.9797394423522865
1.413199774727062,1.4905024336151325,1.1897763580439367,1.2485981985118677,1.3497953997142387,1.6832237607635032,1.694123611400345,1.2270053748220424,0.8472263289070363,1.5577545896462115,1.1446835625619323,1.271720594300086,1.3235095294956845,1.7167232315130265,1.6939232957218162,0.42648915452192715,1.198874814377563,1.5389606576974282,1.344695378083754,1.2665928296239106,1.2078572707716324,1.5293952718842054,1.4826722827757235,0.961688929344853,1.1372069631043855,1.4475373207655173,1.4154832487029558,1.3293247970824666,1.1598034558124353,1.5863418849570714,1.6233859564525532,1.2081649803298715
0.9729719676860751,1.2697885252589487,1.3520245516767209,1.262886676462995,1.218907582294837,1.6309998065064566,1.783690578408693,1.4144563761310645,1.2745607129039502,1.4445353253085997,1.3691811006930965,1.299178472691244,1.2323391589089225,1.5868041359172869,1.6906178770456075,1.1963224017704361,1.2247792169702312,1.5117447654842975,1.4091149234788367,1.2935395560428393,1.2179473990794025,1.4905207744522966,1.4518893070374783,0.6017813835518487,0.8090889471978947,1.425462846304659,1.418715391794857,1.3331263970618896,1.2800813856256317,1.6212190205442494,1.6508368182783342,1.298856146193419
1.2856971786112046,1.3325210973675272,1.5222380401340938,1.2908156185338098,1.4329586731875426,1.6387529777504726,1.7668354358284413,1.5872113233623777,1.4499318408863753,1.2943000840520347,1.5331882648394572,1.2215569242722075,1.4679421529492858,1.6654093807826738,1.6499789393087694,1.6174646445062968,1.3650741089236818,1.4518161472993403,1.4362731126408959,1.295293049668228,1.3196087478177212,1.5960149956866723,1.4531214845518847,1.1504199490103433,0.9823197323970023,1.3892044231540999,1.4155971229882618,1.3728330531076747,1.3339040735213576,1.7407492483315803,1.6007874100410384,1.5415830590848232
1.5734865204681927,1.4320064361717018,1.479196019540269,1.3738711035343494,1.5328563695861643,1.7645359963962344,1.5707098761464862,1.7670018836427068,1.6778934178693994,1.5974104631411747,1.4205159725800416,1.2854215823034931,1.5163398775764716,1.7210633452413422,1.4360908599117024,1.7413256953062697,1.5564842875846467,1.575390289043579,1.220443387902635,1.2676729137382259,1.3539004393718346,1.6241886248873467,1.7022533986511204,1.5328242931502147,1.5206223434440076,1.4217773996824228,1.1127587437327036,1.3755235257338765,1.5382744704052809,1.6988620079851624,1.7772068801047358,1.2627695595316888
1.4444577294961307,1.2836690469208416,1.2662200737791893,1.4324301834603268,1.6322835850202837,1.7979316500192444,1.660379170139737,1.475648742479426,1.1657694016548044,1.5192377108194433,1.244174666971159,1.3194865340782782,1.5512344825051962,1.8364515900093275,1.7103213963856896,1.5262839432204314,0.9580719963124588,1.6468681353408363,1.2624201340991175,1.2432290061176117,1.402731486459473,1.6413887403991496,1.5337108825857395,1.40976065110259,1.1800960097313178,1.5829208487331237,1.2429316546439193,1.4113796768217282,1.294904772051082,1.590997329995711,1.4947000670903983,1.1427232748962457
1.3696541853169815,1.3293805071966405,1.2101577096297012,1.4698527340086207,1.2542088724234175,1.6178274212745354,1.7222902553862676,1.4258946382769901,1.391024824092537,1.3622340440532592,1.2830900073633318,1.3686138370573293,1.2468477420186284,1.584665357332967,1.6872461147288955,1.4786320559423458,1.3103758833986112,1.575929674965677,1.3174389158212871,1.343654178902812,1.2884682273661945,1.5022777370399736,1.426675651633027,1.435579206343697,1.3819863378856343,1.5953717938515262,1.3219194115172181,1.366161343558633,1.4029127163617205,1.585934465053024,1.5107129130715602,1.150429362614451
1.546366576835014,1.4896504750274033,1.236376025203357,1.344557119803583,1.4233204619612105,1.5421222451922425,1.6718527243655328,1.2292799201596547,1.4556955839319226,1.4330750539505446,1.249202665409887,1.308028783829911,1.3364866162894373,1.5266224129453014,1.5912065203133658,1.389705679232049,1.1881658861727458,1.6018494143271857,1.3265361529019777,1.315025254472478,1.2145822944020628,1.474373290982427,1.4436695177988028,1.2315584347141395,1.387488074735576,1.5741696404723144,1.2533339712362401,1.3085577957928662,1.2026323694638754,1.5917930832163685,1.6334006520776536,1.2901522533390908
1.6270189290478816,1.3867210363341034,1.1695692098417292,1.3105453040657553,1.3220044672514757,1.5593672474448956,1.6456135895755035,1.6111237101077414,1.5611320726374764,1.6018371665587092,1.1433366153096074,1.3448992475699089,1.360257971312952,1.518845625147661,1.474827890772675,1.638801834358917,1.294546795132802,1.6546816759124543,1.0640849093918068,1.232276826952358,1.3461590931258907,1.480982284980743,1.5391162383820371,1.4805265215914556,1.2743685423138125,1.5732624333861325,1.0675523276239165,1.1744353644168262,1.4951736012168817,1.589281540124082,1.749260990240574,1.3188328710280737
1.2197167512393674,1.440522459908762,1.0669312712815024,1.3804444407072078,1.5273416709167316,1.6193443563695422,1.8258757527837934,1.5428978225009786,0.9849033089353574,1.3315484500624473,1.0553766469416372,1.4030671353002375,1.3538744314895583,1.6605922805838464,1.7358725432705737,1.4399759947178286,0.9931346596363873,1.5711902786254348,1.2354212430870755,1.3216575641850061,1.2616483105036826,1.4900667431828296,1.4790663626255383,1.3435200824643705,0.8190708693915286,1.6384204598467271,1.3038931256428778,1.2975666332192637,1.19284861403731,1.5282434534204152,1.5913113017564218,1.0490476176566648
1.2222011679445235,1.5695589916758184,1.2496698192976907,1.3343686252306266,1.180690009644969,1.570219806640717,1.744498332012564,1.3323716514079944,1.2724239646577677,1.3409016098182471,1.1138870104351193,1.3198337300776806,1.1886085623968345,1.5855362827968864,1.6611133391110875,1.4337635793388945,1.0354937879681818,1.5708032767930236,1.291083362839967,1.34148460139489,1.2143735906324118,1.4596323464259189,1.4566366061637195,1.3299402550178516,1.0266480407167893,1.5613521593868995,1.3241282710099174,1.304501458316369,1.240817567864998,1.5396631169520072,1.6475454821220303,1.1447167622344896
1.4489167555843543,1.3521842197878091,1.2666367695788678,1.2485315546557072,1.3089419970911007,1.502075680856651,1.7587463452531864,1.5067535778893617,1.4379677205863328,1.4001123228360968,1.2157972323087065,1.2761092779059262,1.2869657970625321,1.5197931374112303,1.6366845505642953,1.5141688678423548,1.225565248766146,1.6035736337082407,1.3051400308079315,1.3172338958610639,1.192118811256285,1.4822862880257572,1.438064358890632,1.2917398797711144,1.4056154467446658,1.586950583324845,1.2467038167465365,1.309350332066871,1.1883551484250754,1.58476184404793,1.6088364082741227,1.2623129139724474
1.632128092310467,1.4213164992816103,1.1824811629540715,1.3120673902163917,1.3015848176799225,1.5498607338118056,1.6365505079621425,1.6162963358200602,1.5670948476036055,1.6052425540897515,1.212763898207111,1.3673640311315527,1.3212722824558434,1.5192349603765531,1.4848961088930308,1.598456339979661,1.373373190155299,1.6256603456507663,1.346624891676413,1.3414881537921244,1.2805827156781555,1.4904681791930061,1.3807461198605921,1.3506389226814157,1.2776104692225452,1.4628977196943536,1.344365158001742,1.3892641931637844,1.5332222930135706,1.633698756519336,1.5599565829111612,1.2463510838308554
1.366029515062461,1.3169836732027176,1.3020009730622113,1.4172276450901515,1.5731837918096117,1.6421813442554225,1.7209109149766002,1.4962042185488547,1.2538640123650553,1.354309820946286,1.1458734929365264,1.3946198739228413,1.3656960361020165,1.6462574717747225,1.6867924648886978,1.436554022970675,1.1314892209350982,1.538429850257339,1.2821983464767241,1.3943003920810928,1.1982805662400864,1.4941962367730182,1.4481547647611976,1.379115405086615,1.1328040022382795,1.6802776593503004,1.4443785572127437,1.4250552285294968,1.2404312464858624,1.582399280081896,1.569536125722394,1.1609143594842373
1.276496386983759,1.6662332176468475,1.3665960996868178,1.4032847817505782,1.3517289546513598,1.7008605047432488,1.7617521102530884,0.7819865855339432,1.161758026037262,1.5448587709564507,1.1256639126054324,1.3171402612204623,1.3269766659569617,1.7197782995003583,1.7078550666960328,0.9002500707659364,1.1055164905345094,1.6116438210036046,1.241615435253466,1.3222192679164502,1.1928785054069273,1.5089833582811139,1.4940116125154461,1.2014293527756006,1.2185006795554425,1.587361341221319,1.3076595685625205,1.2286861225223467,1.1308218742393084,1.5662615691259278,1.6906277547919912,0.7417082967819928
1.4382787851196532,1.3357745389733342,1.35766597851175,1.224595083868886,1.1941388322394675,1.6268045574986982,1.8138350847234195,1.1133377139061085,1.392635473158905,1.486985415162973,1.3642099181629723,1.2970470146975033,1.201632027173911,1.6080048563997285,1.683916354294058,1.2070148964174985,1.2222052582684104,1.602822544815797,1.3299227559376063,1.3172753627784533,1.159189277461193,1.4792574049791416,1.495795200124322,1.2107084050142243,1.3456459539440673,1.5106096496409955,1.2860417755313425,1.2854875989896102,1.2071562441796904,1.609277789534067,1.684259463256514,0.9506947108226357
1.5635979308635313,1.4387923962042364,1.0929080473282362,1.3122440382186367,1.3189323418284997,1.6343811419827186,1.7192614837362363,1.3911358219104357,1.5146510021960555,1.638846972047112,1.1314727880109068,1.3627088835849228,1.2966833801433062,1.5801928400405836,1.5137318682673535,1.4206317218284221,1.3085955482738518,1.6382222533270108,1.293377245714821,1.3163537631068447,1.2570929378324207,1.488191803611044,1.466932721274559,1.2340099039657961,1.3295099091154505,1.5561534074829764,1.3038794041144046,1.2885991505367083,1.3761375409754812,1.6428320782984582,1.675654516833873,1.2351242227936698
1.5003914947427535,1.5970834687382942,1.422924876832577,1.3175029908335192,1.4116903784013455,1.64358200199784,1.695764227590546,1.5449786173163198,1.376376153313516,1.5833611107777157,1.3370952307452226,1.3211082289785083,1.3043917903960818,1.5808111200707844,1.5760702362483483,1.4689909284229172,0.9712341296633304,1.519243298310958,1.264486130654783,1.3388207131728713,1.2780687679243397,1.46072239917384,1.3943764920976969,1.327821567840042,0.9403944052574469,1.6279990809843539,1.4337575775868208,1.3132061315777401,1.3203088224047814,1.5572535790523852,1.6173272827924303,1.065826624568575
1.1180661962368466,1.6404609970442012,1.4230083842708154,1.2860779766721033,1.3955145593784446,1.6745842034215463,1.7692272049366318,1.1777199693695308,0.9278854976830666,1.575995182639087,1.2001936190667473,1.2840457361015296,1.3202518962725103,1.71232788098283,1.7073330628280137,-0.05920535090696462,1.0530200369085259,1.6112160428889022,1.265557635788654,1.3402946654083672,1.1886282689501448,1.5086233402985862,1.4767805039433237,1.045791487273448,1.1377001167934166,1.583641101796739,1.325726529183237,1.2693934761093804,1.1734072557972304,1.5689835903397629,1.6673703065193288,0.4007178123811848
1.389059583376318,1.3434481450798939,1.3519435644714106,1.2503536185716029,1.2171266496518525,1.6257294831654363,1.8060652730085047,1.1315241138584493,1.3742824041147352,1.4736347958931197,1.3624363002076383,1.3051157644446214,1.2065874205694875,1.602268577684712,1.6854811947730035,1.1575281563945068,1.2153341122676211,1.5955107049077228,1.3386830181062086,1.3174356045005893,1.1630534824315264,1.4739046172490613,1.4798148231910557,1.1826987077673161,1.3333648404673768,1.508789964716613,1.3002499231609752,1.283906299827551,1.2171234777150417,1.6052255933962083,1.6697367311625302,0.8621721425060437
1.5590390483400813,1.4249721928349814,1.1178376198114715,1.3156034746720724,1.3251358729026248,1.6301658154069945,1.7150273082843785,1.3644145617753336,1.5201814628302082,1.6266691758145633,1.1220566135706918,1.3623717834282068,1.3006881759784732,1.5731132131705932,1.5133022673733592,1.4009420044343537,1.3123399779172242,1.6353765515401089,1.2934171646197474,1.315864731047345,1.2383755925634188,1.4863175309047212,1.455769901954329,1.201498295321732,1.335493522372035,1.5598788836899173,1.3044173378250046,1.2809120688338853,1.3610755936781362,1.6427574010255181,1.6738964677128214,1.2238147271564572
1.507616795724986,1.5951909513954656,1.4199465950528365,1.315538072458591,1.4150554642051782,1.644168656583367,1.6999498835943367,1.5437664970431415,1.4035091337676908,1.5778777662409886,1.3419194481422467,1.3249520789196765,1.322359327404729,1.5773369602144927,1.5782409500710117,1.456277408885782,0.9781721465405794,1.5206420274210672,1.2482697675848826,1.347512122564648,1.285516084790162,1.4585516345928575,1.4172702382262303,1.3411405134649574,0.9669903111591045,1.6239855706130821,1.4259697552109238,1.325400832839245,1.3244194727829546,1.5601921114908124,1.6285208346258395,1.0832114692963206
1.1573308476134256,1.6358470119237676,1.4258070255395472,1.2859328547142297,1.4037633372845897,1.6725068253727415,1.775222448039971,1.1758642272457824,1.0307366233004418,1.5748593682832062,1.2165521361834333,1.2822362549464519,1.3400820118317815,1.7123199668818134,1.7167835767740134,0.11028313524263146,1.1209293634373794,1.6271320859108487,1.2989539347279424,1.345023694176851,1.207059286167215,1.5128309337131498,1.4960457636927795,1.0871592186513008,1.2178256508672711,1.6203543664689888,1.3696154447607147,1.2902707237801536,1.196451790760523,1.5724343194498336,1.6807830987472854,0.48117345674221185
1.4267018019232225,1.3876883607673185,1.3640993927460787,1.2671920622141208,1.2269349855998097,1.6245292035680687,1.8175959519209932,1.0975713443988773,1.421101239717995,1.4892589783480166,1.3677435205390058,1.3089020777351918,1.2144285747793786,1.6000177864876488,1.7033316553695133,1.2017957870161302,1.2472309160416162,1.614728362521328,1.3508926820876388,1.3237983776630076,1.1640377078939201,1.470877485120088,1.4954714608628343,1.210284082490788,1.187677804381777,1.5252628048296821,1.360448832059099,1.276824006159066,1.1845282899017442,1.6051295298903032,1.7187118596716937,0.7179788717627674
1.3702913303970734,1.211754732399971,1.402380637477703,1.2830079998914428,1.1873453878391145,1.6260090692575155,1.8165724703907828,1.0852546163652597,1.331725646831684,1.508059706330117,1.3935903755720873,1.3231622377916843,1.1980472719184705,1.5766625136874342,1.6630746046040412,1.233861145394465,1.0811849701815366,1.641067068544296,1.3275127752865186,1.2899680163156617,1.2059035306932075,1.514811523868258,1.5133924347652559,1.01374667118417,1.040685440216971,1.6843907169015038,1.4011453119309598,1.3631638717628416,1.3751065973749235,1.719443829573118,1.7420172953312838,1.4843188619796095
1.4387479977974273,1.760938801518084,1.4735198567399181,1.3843808888568354,1.5002027033960905,1.7357184930430873,1.7635599629336698,1.68488482439849,1.4025717879222317,1.7162082876260212,1.3895211014821944,1.3619467583842424,1.4204105091436425,1.6598560092089467,1.545494398314555,1.5951767858033405,1.0698190933502363,1.509085435302735,1.2244997959296564,1.2842944061894948,1.2895138982751,1.506045438743848,1.4915919672613227,1.3914519418635252,1.3988170257914205,1.263354327597586,1.2539886037778432,1.296413375830373,1.5032899363755587,1.6492262929421935,1.6766775357671526,1.4186404911996475
1.3816207263676643,1.245069597777938,1.0434466673589562,1.3462271453972017,1.5678758913759998,1.7553424188729692,1.7458328019579081,1.5120755913077113,0.9720948539049388,1.443565960231589,1.0077084997757786,1.37890003405712,1.4568469372291706,1.7779962490339383,1.682235419507878,1.0575557676435827,1.1128450694109873,1.5300249972282824,1.3129206880693418,1.2866305580786597,1.2597164369960407,1.5636928413703042,1.4563475661345302,1.0678686616376316,1.0963219591662894,1.4497462537646664,1.3805438432031543,1.3146816240585768,1.1433539419244525,1.590010903856344,1.6061853324080058,1.1057008660334466
1.040157068663291,1.2484070189544014,1.3405298431684831,1.250620933334323,1.2079961741238443,1.6428359994302635,1.7865521809563132,1.393467632413082,1.3456021948214238,1.4934537942797914,1.3285817261639097,1.3053365926824738,1.2117849146330004,1.6069085039370015,1.7139510227499808,1.2348606520517198,1.2284702977106692,1.6163734639871354,1.3307866603326572,1.3303070107335717,1.16377556850206,1.4875333768189276,1.52656140611649,1.187329288009553,1.1489613368396276,1.5547282286678534,1.3409657496821112,1.246330359830115,1.216830056041897,1.6022931227325714,1.729648126942348,0.7616580223273184
1.4131420909348476,1.275378156106172,1.361635456948727,1.252120136024451,1.2320747266879057,1.6163989364814109,1.8174920796934257,1.211201378337886,1.3615357534093988,1.4859524744762571,1.3715073932652935,1.3216336032186888,1.2086042848638274,1.5752050279251861,1.660782420520387,1.1627651579126106,1.3270491451425892,1.5169541657642815,1.3956215169980088,1.335882876699025,1.1728043572173374,1.5047277556015748,1.4372317323721966,0.36356987446706374,1.1886058691279746,1.3898217234192627,1.4311146092282279,1.394900740778025,1.2313171964641332,1.6844916548769144,1.6265129643658676,1.5729979140245043
1.3980098560403331,1.6068102631061965,1.43222833053427,1.3202600253388426,1.4185545475959265,1.6865310889577936,1.6943758852614608,1.6980414034687623,1.4566811315357389,1.6667168636526586,1.3876375814250026,1.280606401417896,1.385482570978878,1.602163519242071,1.5599498020899571,1.5897701326351392,1.2931617774072777,1.5879687346958016,1.160711597594227,1.2216350858509781,1.3524832154889612,1.4740319823800907,1.6105072118667345,1.3807715545782033,1.5061909524491877,1.4101841205641825,1.2085301848757934,1.1794633182836842,1.500815689614066,1.6396893035699853,1.7714207752504756,1.1559514531634385
1.3901688502809761,1.3697085698797906,1.1290321131116647,1.2054554258182941,1.5512797846053117,1.7357270282073642,1.830783502328274,1.3791711756282523,0.3669626691020533,1.5610753387417453,1.1181008626029438,1.270018420354098,1.4129903152668304,1.7459575884825564,1.7586182412545661,0.36188333229265224,1.2211066617913655,1.574033270682594,1.3076242331617758,1.2823120930583147,1.2274984825720634,1.5371450453149258,1.5105738089325238,1.0659547363902024,1.1876551365849324,1.4734458737701128,1.377078399366791,1.3379223683313137,1.114212274880065,1.5852857400359195,1.6334108587807403,1.102900951024687
1.0144642608521635,1.2754199693234223,1.3351456308286707,1.27435648958806,1.1979024071642606,1.6413667914361596,1.8002191625808777,1.39972693574034,1.323493740220259,1.4591392039187805,1.3473641336200168,1.3039092259568783,1.2273336004635806,1.6065336936814436,1.7228180511194333,1.1894588304686762,1.2586588907647538,1.518469843330463,1.3978686909356959,1.306852153827492,1.2086207684324082,1.4918628265140677,1.5034025558276352,0.7646632782500117,0.8565614389741472,1.3949112340387229,1.3975677448179207,1.3263524957374884,1.2627182168115885,1.6111803432078664,1.6902230485896437,1.2889197685887315
1.159828385105764,1.2528433400117545,1.3398848551409779,1.2633645828893043,1.3046402070163265,1.6232238487389659,1.790685573668137,1.4489199600934777,1.340125589127374,1.4931375712143156,1.3443126423072647,1.3256022189799606,1.24715632121509,1.5740112593621716,1.645016605304427,1.2365426360772325,1.3294397918228102,1.5126399463965037,1.3869631586763513,1.3028039261134325,1.2078984336277625,1.5135079672507727,1.4679497031117195,0.5861416249720822,1.3159711004832788,1.3945297093857105,1.3203456062085905,1.3244235976000247,1.2405617041661416,1.7110260745219592,1.5987477064628866,1.5104567500463724
1.573108462737572,1.4783850047495244,1.2878376189553817,1.2226342923929117,1.3878958349184722,1.7133717680218956,1.5992992593598594,1.6675603418193423,1.567611611234448,1.6181580206043982,1.3483868172242466,1.2992179715768402,1.3826305631965465,1.6119527174399797,1.5202103398418545,1.5208516843890416,1.349496107657937,1.4772160721712406,1.2896181928743347,1.4635452673993918,1.3235588781310625,1.4923012112292788,1.5938505247881858,1.2096249375493664,1.2805560593206509,1.1436483520871064,1.308886420121856,1.4964227030655954,1.5672752032045143,1.6707271348739225,1.6519410366397558,1.0048871517701923
1.2942350031106407,1.3884305516095694,1.2104584343488605,1.3863373163760075,1.5927632159351763,1.7393664004752258,1.7308299589796807,1.3262126502905456,0.8406930479371401,1.505131566470223,1.0740370798872538,1.2999891769725225,1.425454329847432,1.7213666437798936,1.7156985296807696,0.7790457603471793,1.1528800021197925,1.4980667765770346,1.3157750891262914,1.290772032992519,1.2556259392255285,1.533130131621588,1.4872382111178308,0.8126733493322621,1.1925918008886751,1.4059291772208944,1.380104559391412,1.3503049166651886,1.1434147388092895,1.5918682034133311,1.6324480243599129,1.1772988820212902
1.1617165718983795,1.2491474589341038,1.285477232514048,1.3042560366475218,1.1862437350690311,1.6631436286228325,1.8302588601465126,1.489513366716933,1.4908936951004463,1.3872835784882849,1.3113961970151047,1.2378858797099856,1.314252180013141,1.6822170588107017,1.7916811483232777,1.4520888802991065,1.5439137090234525,1.4712046937086956,1.363653890193143,1.3168890827574538,1.2641832322111506,1.601374646467025,1.5177378189772772,1.346396707474521,1.3400547907809277,1.418816280262794,1.3214491000597712,1.432025714662495,1.3089685649828238,1.612754420550519,1.5260177097118375,1.1993557401463044
1.10203622238835,1.3967605002601196,1.4194576129169998,1.4330597170196033,1.500379461990459,1.615365036152924,1.6908328638923675,1.599505535716907,1.2292547619730845,1.4576308933204423,1.4765527853535891,1.248201887388335,1.5175911733679073,1.6794082648370778,1.6340682946765497,1.7001716796802462,1.123295720870911,1.6067622508864623,1.4305685837031987,1.1641473627167576,1.436013692832268,1.6552773533162632,1.4734376638717606,1.4575925795391165,-1.0386830783173369,1.4974071155431663,1.3576937895677728,1.299887762600212,1.2518816876167709,1.697573376266969,1.5485806424879296,1.4025965079259688
1.4429001659814844,1.4135191938032854,1.4395327576305765,1.3495618747078462,1.4461711839433244,1.6908855753017753,1.550633680740194,1.73551750042374,1.5016792549816909,1.676594905882674,1.3977031595023295,1.259557398829604,1.5158779678612249,1.681452656057893,1.5177529421806233,1.7262228693503152,1.3290457649032787,1.6876444307174674,1.379732966788929,1.192326815831032,1.4145308471606852,1.6412845099882958,1.5822194515991748,1.3768917334030815,0.9055938811182586,1.5646537311404713,1.2898632958913903,1.368351945285828,1.4635755204018814,1.617008442016541,1.552191009621496,1.3661396171965665
1.368343630233,1.3896438218755673,1.367179603589317,1.4361121669254902,1.5560139237390498,1.6837564107722804,1.5943025313090202,1.5874477665626296,1.2189622867254164,1.560660212209776,1.2994490195408899,1.3579715769058889,1.4560716379314058,1.7206852190190867,1.6019534584053803,1.5211981016761507,0.39179977219289336,1.5729289694103072,1.1626466275637608,1.3285736438716302,1.3343605969237813,1.534644707855708,1.3953643828094724,1.3835193336231502,0.8214812801164455,1.5473048514781986,1.437794089958596,1.4114796421968479,1.4413071786820775,1.4902494832790127,1.4573185473756844,1.1223656929172163
1.1796898130400832,1.5373398817784292,1.4797417644981024,1.4597005532788747,1.4939147866916453,1.5723937777370602,1.6028897861134743,1.0595996619534158,1.1815120284379266,1.367360220733456,1.248810195013439,1.409614463718182,1.3720319980177837,1.620025728575103,1.5794904461668513,1.2831668651435035,1.1735851543705043,1.5972871217264542,1.2004115233515762,1.3534903967721899,1.2520855421710924,1.4810721941308702,1.3421880146829637,1.401306541129607,1.2271464962790428,1.6678495165089786,1.2503155679134492,1.3689571961926965,1.3924093987269388,1.5585162430126607,1.4442606180589284,1.302510198585997
1.3915362819507107,1.6519709195803067,1.2146813279455781,1.373404447839857,1.508345376284449,1.5074917998532626,1.5990435946755863,1.3632684323228654,1.3168180355685994,1.454066818788498,1.2261546555576799,1.366951250414104,1.4508004937511891,1.505826371634864,1.5248547125946792,1.464847006731499,1.1195286095157218,1.5800269242606775,1.3250051641805523,1.3501305555136314,1.24194940071439,1.4761158837894452,1.410814126996287,1.330128739247251,1.2971486501323675,1.5343298985979437,1.3005184812829504,1.3131338358198734,1.2575388754162824,1.5642643095663173,1.6220229757782882,1.2666969839458633
1.5611792592440472,1.2756799885080379,1.2104712378662008,1.3074276405648069,1.3552450835987404,1.5194149867805402,1.6738322123861873,1.56607384955328,1.4698489082180486,1.526912406470307,1.0716802173892677,1.309286770690812,1.3249963822779272,1.5087559036225593,1.51892502006681,1.552496393608716,0.9768392396981469,1.5387290786417935,1.1084212774739528,1.228637916918972,1.1978980787696853,1.493762963286395,1.3498331067746605,1.2513069805231098,0.9214800462135114,1.5220189241851032,1.2820376423666466,1.2258557836140944,1.403610941411173,1.5656114814210205,1.5412344985081132,1.350194915517685
0.4678206903251167,1.6122783211092064,1.484796432707826,1.321709091016453,1.5611543073675391,1.5530273778288812,1.6131688583324428,1.570571966092509,0.9509592206770646,1.5235596912685556,1.3783572516244544,1.3165961165463238,1.466194527436475,1.561014260194345,1.53104143329425,1.5336265721696276,0.7504100534934048,1.4959682881828162,1.211269794414409,1.352942901310785,1.2805228571756868,1.45739646029373,1.4037605728467195,1.3854760704542188,0.5542352823028937,1.53851192395609,1.3713893298721527,1.4019194489251257,1.2903601885024385,1.4824139643961627,1.6266271528449594,1.1010049568827232
1.153679946302642,1.5227529097962302,1.4252036236775745,1.4130184336664369,1.3008338998366882,1.5585426376997518,1.7541486577190888,1.356697659268806,1.1653599925743856,1.42555249355975,1.2360148970788303,1.3677436578371611,1.2420720644545262,1.6111836432846556,1.6692841480844103,1.4138579417434902,1.0126173453994733,1.5844516742206014,1.2391405675582505,1.3437661782459118,1.200138478075599,1.4742153521609085,1.4465386737256078,1.3363015599501198,1.1246667247956585,1.610379042371173,1.267159045291444,1.3004945955970104,1.1909838605752596,1.5287092387609782,1.623363778868626,1.0283666756266296
1.459744449670057,1.4357331175435202,1.1970297228011249,1.252012988580416,1.2931399491819429,1.502156295690043,1.7533838681293157,1.4394310769617131,1.445914203019191,1.3788171223647716,1.1758083638460937,1.2759220064803891,1.2745674841250756,1.5099242968927447,1.650662572392755,1.481834958901362,1.2539590018166584,1.5819842391993233,1.3350963481531246,1.3246196813422562,1.2029314495907188,1.4703513694682202,1.4751315978683228,1.3564151305383525,1.2203970380323905,1.509194638629845,1.3659396817875906,1.275211256161882,1.1890681925009796,1.6054589884841048,1.7231952122956875,0.8500329501506187
1.3705844228555,1.1946485122649528,1.4073095577382873,1.2711391330301878,1.185706396764302,1.6386671018074987,1.8169317029276217,1.0570456898054013,1.3020329300811464,1.4934878804829224,1.3883422894985373,1.3136718315453533,1.2118388671412776,1.5923899676609141,1.6594820728440418,1.211320586068851,1.009212136665818,1.6315246881424714,1.3109069175005905,1.2825550726649795,1.245073919929696,1.5207221683678025,1.5030090290511264,1.0409409624196904,1.0125795960758721,1.6806546456159583,1.4026178621534324,1.3633905434935596,1.3907002306084564,1.718531190000561,1.7311784496172147,1.486439354461379
1.4129280234982213,1.7552932193498612,1.4758152095268868,1.3788121968195248,1.5038796883514236,1.7350994564754874,1.749012601006456,1.684959794770674,1.3747873870038492,1.7107290479784474,1.3847220717004642,1.352536599383404,1.4267750913909751,1.657808391181682,1.5225411988035955,1.6010388306463006,0.9379118607329312,1.5146417168596118,1.296815390862531,1.3676264987865783,1.2323708979167232,1.4872980999750314,1.4267328979218372,1.4072467109881812,1.0739409729931244,1.5695026795547435,1.4537772480260382,1.3854805981718483,1.3504140324192087,1.6051452537925517,1.6335637743507319,1.094370663748192
1.2955382491623904,1.5432726003073496,1.44729543009464,1.382867249728032,1.4880414469182568,1.738827497635258,1.7443952280060697,1.342056347789214,1.1549421046603494,1.4802842924343713,1.1992697986561356,1.3802246515224994,1.4391285039993569,1.770791524066015,1.676129045280784,1.060712173007266,1.0826722880127932,1.5952802866723788,1.241581526760711,1.3559139267115878,1.2097941911975338,1.549091556195761,1.4790679988512974,1.181829604419579,1.1432476972861836,1.591431828034847,1.2999013634404113,1.2753081223749478,1.1421955338223848,1.564974166994981,1.682618947490932,0.5964732665903296
1.3842819286327064,1.3634377504123922,1.3333723833348752,1.2449883077944812,1.206804897609203,1.6284538324979494,1.822810703159739,1.12002575827939,1.3983238408627539,1.4951693554544707,1.3546565111477604,1.3066875025812124,1.2031826445985192,1.60919256845181,1.7152865955019772,1.126603209308906,1.212081478295696,1.616686595367458,1.3343448404347782,1.3283418864606085,1.1302720322707827,1.4761624541368363,1.5240604107812448,1.1439851890743085,1.1530264373890555,1.554018697568952,1.3459605449821368,1.2575580044212478,1.196150643181113,1.602938250971639,1.7339202018619067,0.7699305882510489
1.4117471986769472,1.278476427751509,1.370447584839757,1.2545715216185924,1.2205500743171431,1.6239657338061613,1.8133758088276222,1.2040515799220397,1.3916830764887134,1.5278515118423268,1.3517366533371418,1.3211288212141468,1.1967533908654588,1.5767230712024056,1.646299134780944,1.2624599675446166,1.2149599965617177,1.6351990089024764,1.3201389146822144,1.295636829514783,1.1761271365411279,1.502277692309478,1.49470928131004,1.0498436727944311,1.2291386015080912,1.6216546448132647,1.34673090404487,1.2631910899100798,1.2876286696871915,1.682850574658915,1.694903119998654,1.3895820437237068
1.5034289246436332,1.6784276273184353,1.456843871067096,1.2500316456253011,1.4289126322790764,1.6875435004501413,1.7210069497170903,1.6262627386174906,1.5007763696184064,1.6757930077480472,1.4002049335651228,1.2721357092955887,1.3847434182185432,1.602127874748217,1.5566389226781214,1.5920928020450151,1.290092411314871,1.599368846048526,1.1680463939678631,1.2210709187711783,1.3237637577189758,1.4790958440761939,1.5808422996978322,1.4737056986788155,1.3038678029808368,1.583989575017574,1.3734087030128843,1.2506625625802361,1.3950768249702354,1.6209734028526912,1.7280592075473609,0.9070771121044641
1.2077323460363967,1.6062211468869267,1.4257703426653028,1.2680694839465299,1.4666532382992015,1.7158101847037166,1.8208398137262758,1.0265938416635598,0.8764811496057615,1.6003634949906045,1.2633192550628416,1.274505977229644,1.3778221246844533,1.7441145760731716,1.7602858761103024,0.3472839986281498,1.1434406814733808,1.6390078913063892,1.2783707169900282,1.345846696647061,1.1955335578788198,1.530825543820479,1.5448689795803427,1.089176801133465,1.2327919213477985,1.6279412529898312,1.3560494677987125,1.2870735592850409,1.189876309339017,1.5608723906123882,1.709344387262259,0.8003523969492815
1.403505185033253,1.3971583951205553,1.34791538534467,1.2550746851319214,1.2326555328906612,1.6235889895366045,1.8377162565825915,1.2434911610218313,1.4201222628274852,1.4842367158814036,1.3529207665518284,1.313844431313553,1.2119848417423227,1.6018199831109095,1.7311249105060633,1.2380213939348297,1.217117474469486,1.6160464826533603,1.3184931294680504,1.3378120234136537,1.1604019739216076,1.484157325372006,1.5357522988411099,1.1686555511345518,1.1256266291416102,1.5599577467508081,1.3220651373145926,1.2562727906957252,1.2399581806419178,1.5979372572247266,1.7348071383987256,0.8530332441932559
1.4171700923848447,1.2928322413676903,1.330398883908398,1.2560634864433875,1.263821091391073,1.6126517853203646,1.811712843410171,1.2924127084092702,1.3229810285224588,1.488867145458263,1.3241641175447028,1.328215847438744,1.212224291801575,1.5774272864390724,1.642857258681446,1.2678903876371053,0.8918807268135859,1.465965939016989,1.2352827449436619,1.2493928649350579,1.1397967418231516,1.4960840035549112,1.3722159797772782,1.1940402735170546,1.243539560386841,1.2475517943601528,1.0982241829555792,1.1120134240951858,1.251504253071992,1.6874227095263898,1.5587362381884393,1.3863230428183537
1.6692947865120245,1.547321991151261,1.1749562520733985,1.0928472246386787,1.4363274021095724,1.7231174160594243,1.6591442265947087,1.6153546894092572,1.7074799587319685,1.6303999391086137,1.2361691317775085,1.2295387483770641,1.4353801137213447,1.6743566695184076,1.5482372350209115,1.582235817721052,1.5116625327148605,1.4461758164385556,1.2468314449399451,1.4365691736982917,1.3086983682339348,1.5595452709183126,1.5469986697858626,1.357688115534481,1.3865984684027284,1.1278546576878172,1.2438383145936074,1.4851534323687834,1.5502208140218128,1.6808480822302405,1.6562958868810467,0.8751269204339585
1.4268799177713043,1.4318216455929986,1.1571403720882436,1.376268644674812,1.5957428821768842,1.763732572941049,1.7694011954587199,1.313976291768855,1.0398065026233942,1.5839502236740033,1.027383797022019,1.1447025733074465,1.5047308740026937,1.79390569664137,1.7755637731966236,1.4880844910260793,1.1479225621268756,1.6208388544478642,1.2887713691371119,1.1355929616731593,1.460322907952531,1.656927811795648,1.5390338402796675,1.5391614165727807,1.3716789725446992,1.5816133218194108,1.305746337999797,1.4011930724043353,1.3470958429750293,1.669499703697409,1.5059784281073523,1.4235499862671261
0.8304401674044379,1.4847963220778782,1.1997239307507936,1.5148188759605354,1.2523520201575893,1.7018200463636306,1.728299476427788,1.5697666269065127,1.1525441050675735,1.465825216459079,1.3358829879762366,1.4332375951881038,1.3647371173602247,1.6981449700382185,1.734983500355392,1.5557170963572196,1.1313298093808581,1.636360177037145,1.2812836040398543,1.3000580163409725,1.3310854581677096,1.5753653047686795,1.5169832280580486,1.3785730202527555,0.9715087183292204,1.601691161652854,1.218415686066577,1.4357411465877024,1.349193353665933,1.6027663018124592,1.4845080752411974,1.4096911135215695
0.9648018091982391,1.510936885606262,1.2991446468179915,1.4441571475368873,1.4674823215178736,1.578380921544785,1.6293143937307695,1.5883967686406728,1.0722775872373185,1.3698638687993263,1.3251707005954314,1.3565315381001786,1.406090457114193,1.552681174937186,1.5324608570523977,1.5755909797479484,1.0062161417323543,1.572250373458239,1.3312194834353344,1.3494636585901951,1.2306992968313175,1.4788311790213426,1.4148898620105663,1.3463341263327806,1.320877026171392,1.5323419105613596,1.2869395588540289,1.3135832360207564,1.2548739808954013,1.556625235476823,1.6245035904640093,1.2442220123369179
1.5701071852821562,1.2825038854066715,1.1904637496716406,1.3081811777665493,1.3597401663380502,1.516454547789336,1.6705317621723417,1.5657362975465445,1.510883798288334,1.5700313561977801,1.1272048525342155,1.337945383928688,1.3395760114113202,1.5007658303539138,1.510768052983621,1.57540680699472,1.260393006654402,1.6375201906231804,1.2750754270648408,1.315949334677305,1.2582866462991913,1.4671291713483303,1.4252206755572825,1.35876872677968,1.1819996846675882,1.569291746939627,1.2595094965448281,1.2952020457041802,1.4188839730708094,1.5649192955781592,1.649975887181181,1.4420476335747778
1.363207278803623,1.5291674936964446,1.3572460188224593,1.2544040489805597,1.470141524640579,1.5405454179048745,1.7302894607278216,1.646767602538081,1.0863694230619854,1.4574276547307297,1.3023802404768587,1.264099215375448,1.3122877713641774,1.5687649839234534,1.6148097608524608,1.6004485658568859,0.8770088142115212,1.3903466843539134,1.3007342140339302,1.233702083137409,1.3706346269965097,1.5260138368121232,1.4915475677784327,1.4938766639631595,0.9406026390703798,1.4764869807445915,1.3657674461427982,1.2988134536944498,1.3578830766690564,1.5470004515777325,1.6428196793419065,0.8366095011911188
1.292449541874936,1.42604165818984,1.420261893177908,1.3964001610208425,1.3065324788321897,1.5510751452016012,1.7520856793339974,1.1064339470684004,1.3764771451721096,1.420352349619741,1.3569560127364604,1.3792160344065267,1.3574426350524513,1.628751201574187,1.7253021787104394,1.3540799336700804,1.216229159163928,1.6438978065817045,1.2919834977951001,1.2925850158784638,1.3245354200200736,1.560848564592768,1.4947346653046474,1.3565041009157603,1.3623656984936268,1.6305851272760619,1.2623768466913743,1.3615612301457076,1.3562603942530087,1.57939769110041,1.490675469027983,0.9837107430108184
1.5371962204351988,1.4917034650775787,1.230318129810207,1.3264666577770439,1.3686419934900984,1.5380505009431231,1.6602791137584534,1.3158574582891263,1.4887056272524535,1.4230264015843057,1.2046888550910644,1.2976412565621938,1.297769705047858,1.5201206332133528,1.593730730731368,1.4320560050127948,1.3007687592954285,1.5868475515380709,1.3217122504566503,1.3285629158848318,1.2153827177146785,1.467538609914762,1.458814737060428,1.359465085179862,1.3750801967611994,1.5066347374774907,1.3026201781511908,1.3008684233722025,1.2230309799573935,1.604976791551816,1.6850933122904446,0.9176929417240279
1.5730829729849944,1.4208079870737864,1.1272328419268833,1.3197814201156368,1.3285597521819992,1.6330349961877197,1.7235238185839254,1.3513398839944482,1.533050243121806,1.632115998188803,1.1117679043702677,1.3566095396318003,1.3144542922205895,1.5781819125999539,1.5221516810194273,1.421148396730535,1.3382059357425165,1.6429361619397573,1.277176685417739,1.3068197675329096,1.2615611920706067,1.4819236927398767,1.4731316088600954,1.2637579806041948,1.3613142965267664,1.562579813413624,1.2992566589709766,1.277941387993453,1.3737627112817203,1.6410256642645051,1.6800140327253024,1.2159805493092808
1.5159787722898717,1.5944748040610863,1.4175347369290334,1.3170844484543924,1.4179270287415169,1.6465430031690018,1.6981543617953574,1.540993652713571,1.3999306448027096,1.5788146458480679,1.3384294453226642,1.3221149561959256,1.3199758996326356,1.5779710201500012,1.5743331747591076,1.4593325095175316,0.9732013115417364,1.510487963336692,1.2706388254772905,1.3523436600943948,1.2666280871885438,1.4601966691575647,1.4037979638323692,1.335451365001688,0.8802197261786155,1.637034752552533,1.4378466922114383,1.3271493338414782,1.3085327183051407,1.560485250354915,1.610983288410604,1.0829595733373945
1.1432758012076683,1.65128392664095,1.431988553133074,1.281965335474451,1.3939746582880586,1.6677159756613458,1.7700483166300036,1.1699169967027485,1.006076962408361,1.5868767119532696,1.222006069160415,1.2846478638438654,1.3261404460974087,1.7047071750856322,1.7141144526748935,0.31634485421615804,1.040317377984287,1.6255653278126245,1.2721701788611408,1.348158567871531,1.187955590134406,1.50766949516173,1.4845531592314631,1.0567565039567681,1.136111906047181,1.602301574609069,1.3377799933110206,1.2790859497915683,1.1858325276324275,1.5716388726215909,1.6611623414578955,-0.03881405900258964
1.4061041433530668,1.35832056649956,1.3527262737793528,1.2644767506612102,1.2292064225913095,1.6232911785362671,1.8096761982919225,1.1265956984312406,1.4215166536969053,1.4794954903005557,1.3653941297420615,1.310987304397316,1.2130255114673236,1.599321047643295,1.7049786123372959,1.2152877969742495,1.250211434462232,1.6022074788816052,1.3335889842304325,1.322127579936716,1.1575845639287612,1.4790463117039059,1.5036929340591167,1.2025351793890204,1.1589233458424915,1.510457665199727,1.338205216626926,1.2591113431748184,1.190318014469564,1.60736547740059,1.722937290826208,0.7104819431811219
1.3576659999219514,1.1985811386334344,1.391215234744319,1.2737940262386558,1.1934033849397614,1.6233723304182541,1.8195447689277329,1.1249718107072133,1.3044939738394545,1.450815549573891,1.407688514717884,1.3205853176151578,1.210608877687873,1.5760900544283,1.66906776723885,1.142155632867509,1.2644814567320453,1.481134652608362,1.402188563502728,1.3064074645944685,1.196505805553685,1.5260325077757309,1.4679712960489102,0.5882713355227623,1.1279534949870624,1.340474574952883,1.3610634774773065,1.3504883192171104,1.303028724548817,1.7461188343636795,1.6325700669055232,1.536002998195035
1.5196266358947355,1.5877364698170653,1.325754594772327,1.328393093091295,1.4577940086590224,1.7543604780233986,1.6443898250422704,1.6767846420007142,1.5474235586161547,1.6778564626208636,1.3105033219503464,1.3561664755963132,1.414037966122715,1.6610666023584233,1.4588444030190617,1.554855153530931,1.372889666729645,1.493143717770467,1.2232151866311387,1.4925282994715996,1.253200538236794,1.5160315861129208,1.590690766824932,1.3205245755411732,1.4899814768034512,1.0874206944825926,1.2374677390925168,1.482565622633331,1.387787177889264,1.6267234654108542,1.6289837369918783,1.2372816618622406
1.4809884143642633,1.353008576033857,1.1470690526187097,1.3451214182857794,1.491482125913095,1.7446823940679201,1.6901474621236172,1.4454612533269728,1.238773866999697,1.5149883289334691,1.127122116103538,1.3560828644978156,1.4909719735631333,1.7915730689230371,1.7531819942809648,1.335519691612727,1.2747505642321917,1.472707652119453,1.2594348388789394,1.3011344569167926,1.3623547741534132,1.6280819973828333,1.5520315631723796,1.4738574061625829,0.636909582201907,1.3572967433183911,1.248636096202015,1.1880419997543905,1.1813509709062329,1.545453330159158,1.5680463805561606,1.139949263794499
1.2945369132191882,1.2323248132777573,1.2618606590541188,1.1001767723061737,1.261483110161994,1.6253649283204294,1.8061069194179762,1.345685754198815,1.391969667117275,1.5518706308156063,1.3418476386535583,1.0470304758771094,1.3724899927971907,1.6774469231902636,1.7950505385547921,1.4985455067184386,1.361047651660928,1.6435232138528786,1.3652340129452263,1.185043439871307,1.3936667524179536,1.6488130802571517,1.586270196898303,1.536545000658681,1.1146979612788968,1.5431528237731384,1.300468203389418,1.417696536125043,1.4076355616136773,1.662105086251602,1.543404052166487,1.4311637613745498
1.0512748726645478,1.4096947376002213,1.4241381665313992,1.4299224224555513,1.5209985102556365,1.6314729338972895,1.6972808568550348,1.6411575657335833,1.2380316318364377,1.4711220464748238,1.4697264042215397,1.2206820422436195,1.5029753303639368,1.6812842265922543,1.629031817924295,1.7084932122879795,1.1793341609644605,1.6275399576438268,1.4063334392717166,1.159189421919628,1.3941305056345694,1.6318925808787632,1.5644603744628274,1.4977711139647365,1.1250614505405017,1.601814440848733,1.3374345929299187,1.2737709188538333,1.2872132117350867,1.6348588233181094,1.6656967277589363,0.7964562263650714
1.5078233999088846,1.4635579281982218,1.549350016798732,1.2715601023050012,1.5145487194475988,1.6105200171244647,1.640872070766914,1.4055604082568198,1.4821795314703299,1.6325235306044124,1.5512706391627569,1.2629276899304038,1.4805958649696533,1.6509812140260984,1.5010035040788972,1.5139611682658451,1.286010573667821,1.7109763598031624,1.285167044560997,1.203546910699475,1.3623466281041279,1.5405333914308734,1.5470339418666483,1.4230182955317972,1.1042654387288748,1.667184199428779,1.2703399739393006,1.2166686753735363,1.5506563754949694,1.5863106325225094,1.718461270149212,1.3004957234430234
0.373739351933837,1.6165109778696218,1.3127135688107396,1.4409413435453684,1.608913384882542,1.6266698060698501,1.7230367544942122,1.3826259631598818,0.9731658033509033,1.4450478744024293,1.1370136154487338,1.4537099787056331,1.4634951583413007,1.6622165264952462,1.6499039335195065,1.3536305695805149,1.049752190512644,1.570179071417144,1.237042543784299,1.332913957437162,1.2750210494489396,1.4975909560047818,1.4507801608094355,1.3451344422087061,0.8053252761102535,1.6380494008127036,1.3035614552844228,1.299471356393016,1.2212446879992087,1.5277072961532905,1.6048398428368162,1.077333384479835
1.2351520157018336,1.5698559924086803,1.250320125762668,1.3348997831318037,1.2087977136487187,1.5694110535700023,1.7507523447048925,1.3270423184878846,1.2804007662834396,1.3419949731200775,1.1128643783671026,1.317253126579968,1.1940719593357356,1.5841112667836215,1.663319521050727,1.4358985311173522,1.0622937940166404,1.5747943839536385,1.2831374842304049,1.3253762846694372,1.2083811186226716,1.455315983078812,1.4715298901328204,1.3386157891405446,1.046554338480273,1.5680356916997766,1.3168469491784167,1.267565046260326,1.2395581438602532,1.5363980699830504,1.6650057258577775,1.187928914514522
1.446292843916985,1.3583986067927536,1.2647181655678874,1.232848041611601,1.3108711480909765,1.4964814469042262,1.7626273409077653,1.5136453844671207,1.4349870815928991,1.4052332056441221,1.2186014800126994,1.2774688230876492,1.289774789439675,1.5132498239132763,1.633638151325187,1.5144698761744197,1.2752713907505178,1.6056911704287262,1.3176031012450762,1.314841527006661,1.1902926540652068,1.4772404464440774,1.491914008323076,1.3103690461342627,1.4453079072441584,1.564239197674525,1.2860618813069813,1.3008887379050853,1.1416669575004477,1.6294905181055184,1.7002748892607913,0.9792531835423028
1.6424678704548106,1.5100937192430992,1.0961797100310402,1.3503446622697055,1.273875922094545,1.656947489869067,1.7059943582320503,1.4719835037811386,1.5888803412815016,1.6687441093235666,1.176203863911837,1.3937581764818194,1.3015214749821367,1.5971265635439587,1.4834024138167266,1.478554562027205,1.440198908604413,1.6324078640068027,1.3357239202670848,1.33902240210771,1.2435643873605888,1.5071388919542248,1.4454625567005979,1.3044458717207914,1.471161714828701,1.438261850433705,1.3226550045769099,1.4190583033968294,1.4505723814073408,1.7039476590314313,1.6139196708244654,0.9193170699848776
1.5510238993931282,1.432719424004115,1.3473032957156175,1.4869718370000105,1.4759375963478762,1.7187949164360772,1.678092253647492,1.4233082505796293,1.388551746423823,1.4594274108256904,1.2438604531093218,1.4509590963333234,1.3251354716191064,1.6513228029115572,1.6372558121429757,1.3338613828432195,1.1156434190870876,1.5520077150881302,1.2984380977007106,1.372800942793655,1.2491673595009238,1.4810942485317808,1.4308334396906983,1.3235863054138357,1.0431706441440518,1.6887830774126673,1.4478267835399807,1.4069206991764052,1.2784001686649662,1.585765234741236,1.5864111860188388,1.1171828654817026
1.236708965876067,1.6685794090891226,1.3608332023246654,1.3980254131881524,1.353725715754116,1.6966987104580535,1.773275981922719,0.8026257653187499,1.1722203982666282,1.557267253398409,1.1353831100840375,1.3190178129240904,1.3084156528275683,1.707375509682628,1.7156087327641194,0.7618963556069769,1.141693347191378,1.6138000278540927,1.272017434533945,1.3399242578655968,1.1950244679732525,1.5027411022461934,1.4916163302801364,1.1093273276022455,1.1277130416595396,1.5774230316219287,1.322879072713575,1.2587210486162033,1.1737083112555602,1.582211650268177,1.6801566804757324,0.33737389417120417
1.395313679051689,1.325494259944216,1.3621690089968963,1.2399088011347872,1.2187617907035868,1.6234642966328747,1.8141615338660855,1.148441096234136,1.393203436996628,1.4937969330688186,1.3825776210591425,1.3036622272093414,1.2098074809634096,1.5941856503110763,1.6957081897152924,1.2060194647344507,1.2367324321043907,1.6105302755528885,1.353171816544639,1.320278802528394,1.1584255596177406,1.4695366868884,1.5100743645448595,1.1906415405953945,1.3315986710600614,1.5200632455425973,1.3003770664790086,1.2853748196881456,1.2069140111082999,1.613826949638675,1.6918584210592718,0.9857635432056241
1.572113943715842,1.4556301549415949,1.0970697480607556,1.319141890071021,1.3237838088403553,1.6292563451051112,1.7294620757683978,1.412308203081224,1.5593121323805688,1.6488530130658325,1.140266058783891,1.371206823964698,1.2956696307780065,1.5702295467022223,1.533726850235964,1.4371477487643998,1.4449811728102029,1.625205014996262,1.3175151160247784,1.3372573345817924,1.2004312038059082,1.4986817639094026,1.4988938353639305,1.2575668332195822,1.5639687598783942,1.4101221141614593,1.3322307838274499,1.2089878315566929,1.2026198212997932,1.6633537285552866,1.6359240835295394,1.0988110963401272
1.6736442626101347,1.405637543875344,1.328277982518484,1.2491335342052186,1.3077234336189743,1.6642938468963624,1.610333049361571,1.4790513512984897,1.5543577898567054,1.538389245082169,1.2821890306583352,1.346769477766347,1.278034507142028,1.601556092941809,1.5631716269552314,1.3971860419477822,1.2563934710832454,1.4423232429172184,1.196806225471311,1.4596204208429295,1.2266907712353552,1.4930004490289905,1.6196166843055217,1.1213000175074956,1.2618957537652657,1.2166807761888603,1.231903146017138,1.469770258458968,1.407258780800135,1.6101404161997164,1.6880638421351122,1.0210268613669342
1.234030374277224,1.4049870129813378,1.119625154850089,1.3277821047947536,1.4250609457042858,1.6948848374372927,1.763684932436711,1.2407811636312034,0.4390380312630178,1.5364600151058074,1.0423494254311734,1.291365497740552,1.3356338186656418,1.711565767002878,1.713349835312042,0.635639470076957,1.1871461970093324,1.5373327692664138,1.343787883752886,1.2676283116766134,1.2022661093179479,1.5218750518229744,1.4768684386308364,1.0353175614422343,1.0813172451589914,1.426864338781912,1.4059156033024822,1.329366048133904,1.1432757200091903,1.5891125715021743,1.6229386157837926,1.1962380304647307
1.0109986391686574,1.2367911038676256,1.349111584242164,1.2637681634213238,1.1993568282265934,1.6299772371201282,1.779882052199358,1.4203431347409952,1.2765103233211437,1.4333508133708968,1.3594727608463175,1.3034821264384342,1.2032407553362119,1.5868311194487545,1.68265270563045,1.17121846970323,1.222284098664226,1.4848988501963651,1.3921960195419736,1.3044334801836999,1.1931390345062665,1.4837470767553458,1.4517690711758504,0.6084954284965235,0.5223677104532887,1.3555443199448314,1.3613884349115752,1.374119312335914,1.2479901820044104,1.6161142360531953,1.6045111396391378,1.399671179770646
1.4710698124703274,1.2078986706819235,1.3162456042867485,1.4509154144441765,1.443245365174329,1.6377294974040333,1.6521664253038009,1.6664636190529243,1.6095575856887074,1.4230851467885999,1.3415872017941424,1.4265322902771305,1.477240106652746,1.6457413387655286,1.4906881402678738,1.6621393099049857,1.4966954793502292,1.4686512660659428,1.3863457038090687,1.3230248490374865,1.2949169463148906,1.5636941819792278,1.4363355660101238,1.2701044117019333,1.3407347416382887,1.3953701696717553,1.3052132972150932,1.3302092880966654,1.2540000758636987,1.6545819288057149,1.5654902491033693,1.3672498163577795
1.544378321321478,1.325288095053219,1.4261821732991935,1.3832448607566683,1.4693821466828472,1.6765677377265495,1.469009457603365,1.6560154558602025,1.5102156400747317,1.6285485926885725,1.391501498033458,1.294722180233278,1.4999037187508775,1.6843583983533854,1.5722559287768625,1.7359234955522853,1.2740538628962932,1.6793761878198252,1.1561093047888613,1.2213445155073188,1.4023311248681296,1.626345878063595,1.7206463612335476,1.6832652297247557,1.3138228883966792,1.536822297336213,1.1716174170271665,1.4097146986408537,1.4416840898964842,1.6593946275867815,1.742710350101901,1.4227442525140366
1.3134330810331094,1.297413112828045,1.2998951399804095,1.4422755668833807,1.5264375087210253,1.7430318631680541,1.6881375560566276,1.2959122458514827,1.058651357046769,1.5047335890673073,1.184341658561389,1.3459609425213084,1.4189326231487518,1.7745086885691073,1.6818569678840187,1.31854433255923,0.9042742085125988,1.5816823981383983,1.2310940314820924,1.3126334335758405,1.2449358577735619,1.5553009733231853,1.47267338849678,1.2376564292122634,1.0004280943722477,1.5798069510832147,1.3066741851532007,1.2868729705633588,1.2145832921857715,1.519899881476069,1.5822504287277332,0.9642660672283264
1.4424533095689225,1.42954918671791,1.2329892529560336,1.2396579275225097,1.307118848655092,1.5210092642019724,1.7481507721798732,1.4183311222860615,1.4438143405872108,1.3532710312440206,1.1737677010895164,1.270865898451329,1.281862293353445,1.5273281728580534,1.6731991978995584,1.4854780103350809,1.2294205211759472,1.5837716070971082,1.2935844919150488,1.3192335205801977,1.2143771183813032,1.4669404829768329,1.4794576599170581,1.4012023945911742,1.231354734894117,1.5564709387565645,1.3106163823745125,1.2591248982986094,1.2421273526006293,1.586574384432592,1.711717523535567,0.8951823542494631
1.4440059021907181,1.2781071673000204,1.3547808270912753,1.2073014800420314,1.2695889726210714,1.628408761261233,1.8259544727848591,1.118047974838042,1.422894027511433,1.4785151737686641,1.3553985880294224,1.2792699185546883,1.2243962821521839,1.6038542118904662,1.6969755720533675,1.28224834031356,1.1979253066115862,1.5916336427529354,1.3253041684602356,1.3160509715117894,1.2055948530286955,1.5014488299252433,1.4690721267803175,1.2244211128024258,1.2885582765739487,1.5044489122246674,1.2143096260170962,1.295160015805922,1.2146434981837173,1.6294320901111206,1.6368866967018414,1.3499283214182594
1.5660458644617292,1.3084028877355314,1.0865373629546684,1.375237707167868,1.3869767698233901,1.6075266261822991,1.6754723328542986,1.6253859256874121,1.5386967234982718,1.608594556143923,1.0229454373157838,1.3907631439152468,1.4054505100900867,1.5562212744977308,1.5085792045554165,1.6592106441209584,1.350183825591954,1.6822748983924944,1.063758037216048,1.2426609895136318,1.3641586845550837,1.4850209938917363,1.5853143559449938,1.5401218829661163,1.4038389650872842,1.6346449206151843,1.2313141047808078,1.1871168567134782,1.4797302476787666,1.5926222084881958,1.7504597343831534,1.4324783712660771
1.4282824847290796,1.5719125910106568,1.3505457719460192,1.347745798072761,1.5084894377734452,1.6727162549560641,1.76534282552862,1.619417457512366,1.2448425775092742,1.4619510431909069,1.2904347878507445,1.3695683222575399,1.3491251540937097,1.7119644306019268,1.6488345483845777,1.5633182623576212,0.9848201959698886,1.5490296038629965,1.2392634387207957,1.3075034187994545,1.2517378169894167,1.524525762866784,1.4467468148684828,1.3775981592313482,1.0679047701697142,1.5838082129266047,1.303537468906013,1.2316447413507157,1.2159955259861621,1.5369212157226684,1.6204871303538644,1.107588817808946
1.4283842438590015,1.4067730752655938,1.2298263555995295,1.209455662243428,1.3095986349545465,1.5481671414689213,1.761180290357815,1.5179738613919807,1.467593674251844,1.3458834158483302,1.2471641706617274,1.281279014447984,1.289967215049597,1.5421634184985873,1.6840508896087345,1.5178428067369454,1.2315398503035622,1.5827800521199942,1.3354041291659298,1.3240352400341378,1.235675166847762,1.4894051148779803,1.4715881000060955,1.3718855488829862,1.084429405191238,1.5808695101179222,1.32869454518246,1.2960940426908778,1.2451781734045222,1.5432849604114058,1.646925226091464,1.1707132472183281
1.4393169921278661,1.4033893492972815,1.2531749754540429,1.2376863689322444,1.3017702747836104,1.4969694837381204,1.7539670586444547,1.4683175182504185,1.409104938531997,1.398907703568233,1.207546257794137,1.2839035102561416,1.2696933658685845,1.510421285695808,1.6330253634152616,1.471025728239715,1.1717023820298347,1.5814486897644031,1.2939281019781226,1.3217812206370647,1.1923418684820992,1.4879124727943216,1.4504346644503239,1.2314841197245459,1.331745755438426,1.5421568880429115,1.2395609516151653,1.3190484986142568,1.193814205431782,1.5994717084677386,1.6083685086114674,1.3390159965944541
1.6000894494192326,1.3644445188394223,1.155636629765955,1.3139181197803729,1.3148374125367086,1.552650619637405,1.6145015870116077,1.6256855184684857,1.5649552263887894,1.5993792550874435,1.1264105756725231,1.3477270506703518,1.3576606236797577,1.5035278727341517,1.4560933732224692,1.6438987643585645,1.393507968465737,1.6742249875790864,1.095980739651154,1.2389660804145421,1.3393899150143802,1.4934292078222982,1.5997781248879392,1.4855352989053277,1.3939988044078793,1.6322445205692697,1.1978251615326676,1.205532687347533,1.4482820921054538,1.664940699588336,1.796796446556698,1.0943656453239001
1.4100820086657984,1.5441165266718242,1.310807751992144,1.4288543796168363,1.453185580349569,1.676090572490207,1.809972467026735,1.4859559195400447,1.2470713235810524,1.4492354649399308,1.2287886104859862,1.446108538596448,1.332942476660928,1.661105719057054,1.6930395508513634,1.3887805952088523,1.0287253076511615,1.585089886117259,1.3377789047847208,1.3391466780466006,1.2860758509153885,1.490313569726541,1.4673724180341718,1.3191778605128217,1.0098791571226313,1.6996304311306971,1.4835281428090585,1.3370992467653446,1.265980932954447,1.5558335915224073,1.6109160007064416,1.028322744965271
1.3091808815297696,1.6299333611439828,1.4076139372132226,1.332231188685941,1.2952376756819197,1.6594199307083861,1.7656448602054495,0.9997501150602736,1.2340317365131628,1.4994449982123703,1.2036114358123933,1.2741119786700705,1.2768597405199094,1.6710541020395433,1.6904507937474458,0.7870362133646548,1.0624322328868838,1.5871873264842176,1.295455745217881,1.3249832884249078,1.206843871274179,1.4842340193087746,1.5115747471640908,1.1526376832925975,1.0676065726573454,1.5388748843144722,1.3459717650019267,1.2612186991499292,1.2030358028863974,1.5867468420315198,1.7275406034974763,0.7987340651672294
1.3652681169094278,1.2514800901168308,1.3836559043483345,1.2275922749935204,1.2516204893098444,1.6315923454675128,1.8257965563952456,1.186325612901183,1.3477224424432637,1.4645456472912044,1.389002881229341,1.2962119375275651,1.2391677934889949,1.5998546095630137,1.6780736505949985,1.2764051011518933,1.1626458713981784,1.570126124729132,1.2964263945209495,1.3576350122193162,1.2006846225064738,1.4761428193510462,1.5419019682893107,1.2654971170680247,1.439737064600623,1.4999175502578599,1.2272603565435398,1.362290211164957,1.1911760701005027,1.6282771059404735,1.7334674406214925,0.7659189720685728
1.641562016498584,1.5183340308960451,1.081693443891081,1.3663557036789673,1.2784216465387197,1.651347256536122,1.7199974564271423,1.4431458452034762,1.5921555478370983,1.6769018986007482,1.2036378941540105,1.4015317408178332,1.301394903339951,1.582376995499632,1.4767427539538502,1.4538619084429505,1.4462744928218134,1.6405876127534933,1.3624094714082018,1.354022651504779,1.2425001309356931,1.5105189848265854,1.4699088838876981,1.230931728782827,1.4510007998072267,1.45997025073841,1.3437355591752855,1.4267377431449404,1.4546738552907357,1.7183914460288543,1.6290878201015262,1.1069100695124832
1.5360850814422864,1.4655734029463798,1.3774391601391445,1.4919843274688487,1.4739316349377405,1.7298881682864469,1.6909015559368687,1.445129225175591,1.4004098255286395,1.4744200492351278,1.2768024165405634,1.4551559878093052,1.3143075945295866,1.6578155738946867,1.642362126547835,1.3307904788018543,1.17523811568717,1.5408870440337197,1.2723977023235158,1.3945138484100523,1.2360889318278632,1.483505353836795,1.4384509390832583,1.3749295478188641,1.1535390563365442,1.6779291531515825,1.4087320604404985,1.4375978727053722,1.2791561565682337,1.5971976439888158,1.6125380379433119,1.2599615748029607
1.3024044423115924,1.6683810584192968,1.313782570082924,1.413365044085009,1.354187666863287,1.7049944528298817,1.7904655191919876,0.9595435617811252,1.1933689835514547,1.563868185814114,1.1186584654667062,1.3239934269064115,1.2987055509025363,1.7104650712845024,1.7271921357754259,0.9277638290655998,1.1490946348632285,1.6106119506736536,1.2708136133057273,1.3400460273587953,1.172106435950153,1.4996220248599914,1.5132451182297675,1.161661052204896,1.1665565558100408,1.5765030319947706,1.3234605827169017,1.2607418757596527,1.1621663032286094,1.575315062395337,1.7030765340893492,0.6011238461547568
1.410427638283965,1.324313468089944,1.3660567097404952,1.2349448474997722,1.2197749879130402,1.6236033051170282,1.8228944592850438,1.1663838849292716,1.4084942546499937,1.4797971430164885,1.386098169015414,1.3005323039178247,1.1994863726194713,1.5946174584163502,1.6985246481195484,1.226711754044948,1.2918356811535956,1.5995876604609496,1.3523160465818633,1.3115581420722882,1.1775339168480614,1.4766465145049306,1.5354721165247103,1.1828935313113274,1.3490908451217831,1.508222533458297,1.289195842345343,1.2484400366414987,1.2559689344137246,1.6158801010081276,1.7142537648155143,1.098091746195898
1.567141374095507,1.4274718222803182,1.048537672502492,1.3146757191114564,1.3349836567251745,1.6287042347950056,1.7376474097174628,1.4364632120271503,1.5448877241498022,1.6440171984563086,1.1369371429014745,1.3699046289164905,1.2961354434595616,1.568896206796009,1.5381407799763005,1.4420758320121951,1.3648908032714853,1.6472307471639036,1.3135127557075192,1.314100035647735,1.2354006181124397,1.4914509264483884,1.4903282748354862,1.244785307488375,1.3556192912148948,1.5612836509578536,1.3078513783446284,1.283120840935401,1.375731551375476,1.6533357842334284,1.6912938284256076,1.235617532834918
1.5183889658375367,1.587570350041604,1.4148573430665226,1.3325761106462009,1.415363876171664,1.65296014702787,1.7159081453025256,1.5314140158689271,1.4127801779409561,1.5627186948766167,1.3321432875216812,1.334167387708774,1.29985225261446,1.5928179722028966,1.5988633995165917,1.4379795222289145,1.0420315950009347,1.5059774432577486,1.2788411275276217,1.346365081761857,1.245489578127594,1.4711898300153539,1.4218462653310915,1.2897469402517134,0.8644724668854885,1.6228023110997496,1.4394269012678709,1.3150131786601147,1.3049529333760392,1.5781365931610014,1.6454668648884174,0.9464709363709055
1.1074236386557013,1.6390746475710627,1.4149300848156323,1.2872374736934429,1.390666786954715,1.6824351705224785,1.790664523475362,1.0084019419061567,0.9710823296742456,1.5804028105756538,1.200141086186078,1.2879601070919604,1.3151036261609579,1.714684906336292,1.7280223687229517,0.7305825209142172,1.117649557555728,1.6207891321292538,1.2849182771878094,1.3406700971613703,1.1894270696066518,1.5150442602657574,1.5071717248625107,1.1196439666352849,1.1632099318801619,1.5942219079820068,1.3465130317542628,1.2610844703381683,1.1971443057640014,1.5760385552584828,1.6877095481812332,0.486130348640709
1.3937418009606461,1.348154853006928,1.360115723893547,1.2480064196450151,1.2364936499607344,1.623880777654218,1.8187281834049918,1.204153476905768,1.4050603375781128,1.4844483287390087,1.3699406029255285,1.3106960654164568,1.2112566069036144,1.597762926484723,1.7055363537360653,1.2307034958954186,1.2746992619658524,1.5967206818752815,1.3365470606781813,1.329010889557652,1.1564356893653442,1.4751321666811585,1.511280818066737,1.2251477285820598,1.335696236417006,1.4939344206420044,1.2885978042993342,1.2998149709178526,1.223287455512094,1.6107154298077262,1.69225146297625,0.9696627649973236
1.5596705202363637,1.4223222181869613,1.0952812772522311,1.330431801416965,1.3277522303254827,1.6297661128000336,1.7358596456816666,1.385423686251252,1.5435640236403143,1.6392538904468217,1.132823267274139,1.3697891359279386,1.294685871627194,1.5705622032330984,1.5514054097081647,1.4271164077228884,1.3671996876143993,1.6497330139608224,1.3124466114283617,1.3251780762906864,1.221331298759971,1.4896405139898996,1.4969547739345241,1.244352106985813,1.3462505242810607,1.5698977479432144,1.31374122960229,1.3018939027963718,1.3608825815049177,1.6538030275549775,1.6991334130457454,1.2785157142950676
1.5072971902379988,1.6035939767814134,1.4234874230814396,1.3340256809431457,1.4088749349721887,1.658286079941658,1.7265617197755103,1.5457915899342978,1.423616746534161,1.5829244832700615,1.3447905702533096,1.333368189719715,1.2981258695069156,1.5926681131156264,1.605240908729944,1.4590728840821878,1.0700705277052385,1.4980887611215765,1.2625112360674662,1.3550917967151324,1.2500087482855706,1.4806119685191566,1.441246062609659,1.3434511852883886,0.9875183302882663,1.6137600428830812,1.4307621199551777,1.32855439028239,1.3096449141222746,1.5845838462099047,1.6460337232269158,0.9298173292072834
1.1774222982815863,1.6390943343752313,1.4264278225048836,1.297805791707684,1.3960688711687002,1.6845183269665638,1.786964602586888,0.9976836694693378,1.0121687056253232,1.582404432246496,1.2167770862473926,1.2917587198895328,1.3239536693052605,1.7176424557228718,1.7287573992084835,0.7662156836524608,1.0918895732440956,1.6147794056989717,1.2496195149295348,1.3497830643178648,1.1815901586822064,1.5232562413749429,1.5038779512259393,1.1006141495411446,1.1211063386853648,1.5850289994595481,1.310926272064572,1.2864123252060273,1.1748982374682808,1.5821787294294996,1.672582606314618,0.4664525687506879
1.368830994457276,1.3247420799706076,1.349980602021822,1.2705615958690344,1.218588081966798,1.6287563295286276,1.8124756750423743,1.2132500501514323,1.4176501353642283,1.4769930719584095,1.372745580635855,1.3084433311387274,1.204839819876987,1.5990952599242727,1.7053840749105071,1.2503212865565687,1.2890135675404877,1.6053423546964958,1.3517966275839832,1.3297073815927651,1.1609613246511497,1.4743014786512472,1.512561918165124,1.2200021274508968,1.2029865620070657,1.5147869491225046,1.3595274768051073,1.2863133792015697,1.206066564904252,1.60563780523632,1.7296483768332904,0.852806705998881
1.3569571844140116,1.205388158682127,1.3971468122774198,1.2880515669013421,1.1949095415188435,1.6263914077859922,1.820785392773847,1.138560114039218,1.3346638750238884,1.5042029943171868,1.3848412983224156,1.322629710245996,1.1901945669783902,1.5761233326769326,1.6682535482193261,1.2629074887390508,1.1124400389121953,1.6480168918668716,1.3208988288334609,1.2840201276959626,1.1873226066161136,1.511361052587835,1.526587286132026,1.1149409323603932,1.12224390833333,1.694019352722665,1.4053024177589284,1.3519455542094563,1.3697404511044087,1.7216394393058505,1.7513978581744616,1.474165290124482
1.4556514865722685,1.7603536267341413,1.478357060105264,1.3784202961850758,1.5019734240126157,1.7393619490700143,1.769859185540444,1.6769483262622105,1.4160123468636259,1.7130557229118972,1.3863181984852753,1.361713313103622,1.4202724428405458,1.6597753240678244,1.5499751203645535,1.601902182495901,0.9904913977851636,1.5147865360931394,1.282601284472937,1.3679804923036871,1.2381114746915691,1.4980988984529757,1.445475084994196,1.4252841753079295,1.1095385683379129,1.562093626358547,1.4221171297225088,1.3672247022868467,1.3812201741817893,1.6206997104752046,1.643295588697426,1.146062115042009
1.3262957981972123,1.5381935949114476,1.4226110854870102,1.381080443629953,1.5085521438955314,1.7440141011629147,1.7524156620542126,1.3036002433768663,1.1937398126132328,1.4899274568206784,1.1912525860687866,1.3881839896772517,1.4493870908115292,1.7766720813830958,1.6904416325503278,0.9944641002716523,1.0706839705479996,1.607561992574479,1.2313365798431852,1.3629797449572396,1.221390423075699,1.5591654938056254,1.4753163365357858,1.2233088801643885,1.1308164504914353,1.6003660646437257,1.2875247097881366,1.275120352065281,1.1445837758806046,1.5753383330331419,1.661011900929184,0.45315889378596774
1.3977602904619657,1.3651636677438843,1.327305058084808,1.2517594323671462,1.2093140923382857,1.6306066844442784,1.8169365666949202,1.1380446283303114,1.4206679309551253,1.5030997515657831,1.3506246368463917,1.313836284928907,1.2200557101248544,1.6083331728636907,1.7230864574404798,1.1676489820076543,1.2301641832811585,1.6228149881666958,1.3350238411908903,1.3339032567236064,1.1626530414323584,1.482543203348135,1.5309783814680307,1.2007816764859796,1.1808391576759178,1.5606291526296776,1.3468710462407532,1.2556007632211763,1.2170693793014564,1.603512606177754,1.7372233745132826,0.7156431543384884
1.4271452965627716,1.286572705540092,1.367930283096521,1.2544450833823804,1.2315175954804223,1.6206668760805758,1.8204451712820644,1.1897044425936583,1.409801838297997,1.5288217964422315,1.3510511999679862,1.3200548787111326,1.2002494902117682,1.5769815000795149,1.6606254286790108,1.2531300703920385,1.2576950593983347,1.6437415141125211,1.3330262306779714,1.2838496360574825,1.205762867233535,1.4920107967190448,1.5013096231549214,1.0553504486579004,1.2764380633746988,1.6309524009138827,1.3543584655959808,1.2567960350817307,1.315171103721347,1.6747329949350165,1.6999882206363595,1.4046992104039202
1.5101853541651271,1.6757249626174386,1.4541873277927229,1.2517329490086153,1.4291961682414684,1.6845963246500213,1.7224960030814092,1.6274434830577402,1.495140351475481,1.669872913657976,1.3961584882552742,1.2678209262649616,1.3828782957167374,1.6022840973271013,1.5518886430367158,1.589205328188779,1.2894079226195199,1.5928040897881848,1.1565438043603575,1.2249790778307663,1.3241496016087784,1.4759404988737386,1.5712736654816455,1.4672908794850887,1.3062683110092108,1.5756489740416744,1.364506734796129,1.2657718824911028,1.402280561506109,1.6152177174738345,1.7269312587103658,0.9286669457804243
1.1878792167031818,1.5972446472520352,1.4167411115591144,1.2727980418877392,1.4747235244266976,1.7174103892859778,1.8215488864198404,1.124593317517549,0.8274689411337494,1.5934070337171369,1.2568042692839874,1.2670415642035755,1.3971042240839628,1.7470202465463822,1.7553605835576775,-0.3363785829420725,1.0503482314810475,1.6194151770964689,1.2362801431952817,1.3382972704736313,1.2190015925891924,1.5335248737241143,1.5235112251259246,1.1054820974102861,1.1303685076813472,1.5908231407383817,1.3050037814699131,1.266516874164965,1.1246823959663939,1.5735333487544831,1.6912303707291547,0.543090575002044
1.3818951309365988,1.3459218915257247,1.3298352115853531,1.2376586901580418,1.1872293453912404,1.6341202613771555,1.8300547105094518,1.1278980949397006,1.396886615265614,1.4826052749794327,1.3468137109307463,1.3097603347457056,1.220667761251684,1.614647553816803,1.72212196427051,1.154972355161762,1.1736999513950115,1.6108271746791338,1.30134982715144,1.3347290814286414,1.1829015941337144,1.48768597289598,1.5236774725366222,1.151670065536239,1.1615637930215628,1.552811095077801,1.3135332806141247,1.2642781513369674,1.2414483521659487,1.6039271340028247,1.7301002216342973,0.6854433050677832
1.4324773262956998,1.300246774402759,1.3411967964358849,1.2610591785713008,1.2649767452111924,1.624478040590016,1.809810028034136,1.244593174352031,1.4165384175006142,1.538394043033856,1.3271283523401667,1.32863744722933,1.2322398700134276,1.5842683504400168,1.64046207688325,1.2767633138459722,1.3283458635690992,1.6198579714131085,1.3470219960758738,1.3126477081269146,1.2189828011024815,1.5194254747789409,1.4923070325724777,1.13210589756303,1.498389979857892,1.5280894108466885,1.3321136834681373,1.2048065194090516,1.2544671963391896,1.7239383008246543,1.6552603731910147,1.1509721433332776
1.6502852906088976,1.5463197195632514,1.3907993025872205,1.2080114338025738,1.3992117265145252,1.7296607563505766,1.6363612648033723,1.5523101333483653,1.5442437868944083,1.6220563294525374,1.360313725086829,1.2728632305905883,1.3770544398126687,1.6227139397112225,1.499014751858986,1.5192211129441475,1.268910520819189,1.5219534592488204,1.2885213967709381,1.3146591867813548,1.236105130687135,1.4791205594257177,1.4520369902624657,1.436356600585134,1.2475675335199146,1.6241570158876864,1.5106712392000061,1.3219350839554416,1.4067614223341562,1.651797479677788,1.5888307186420554,1.0598674016254728
1.3092320246793705,1.64688948333382,1.518264424887189,1.2851867276860443,1.495077012933921,1.7215385078257153,1.739745859531483,1.067631438603305,1.087729934459175,1.5497197214452525,1.2904622237477514,1.2803830011041368,1.389926256595048,1.7274004644916512,1.7114027113605073,0.48860772918455636,0.7082497509425717,1.4488083689049882,1.3073186603834723,1.39458228693834,1.257530497726114,1.5337756083573537,1.5137053329483088,1.3009667494309705,1.069392640711697,1.356334782814773,1.340938455730795,1.4213152143366297,1.1668756449181965,1.578927694776407,1.7266422494803972,1.1042037039625008
1.3818421200148578,1.1556731187715048,1.29644207434799,1.3499284994868375,1.1688510940529504,1.6447989049435585,1.8508671359637396,0.8314935357213686,1.3468755979103457,1.4701272009894932,1.3525540911248806,1.3220926920050686,1.2107795203473162,1.631345901512993,1.7273242221305425,1.1467792077164136,1.1533185906566599,1.6160986006566858,1.344332689257721,1.3284188716160887,1.1921545757491712,1.4983673027794833,1.5340390030610431,1.254490472642833,1.3109832114442506,1.5430101879837843,1.3942355270567528,1.288455582922078,1.1676765403849139,1.604433940315776,1.708799505814019,1.0374344200128294
1.5961913738058446,1.3278428397235145,1.4812150603570597,1.3476863724770574,1.1620461093684888,1.6384526464322842,1.73335270513905,1.4462092389336767,1.5571560060795615,1.5541115251564321,1.4363793629865467,1.3873749831743358,1.2407719541942057,1.6006117096847892,1.516659988837067,1.509703679108335,1.3113812854025333,1.5936684709749562,1.3234119976199592,1.3365645614046333,1.199065813435176,1.5219790999257468,1.4609072674287833,1.3184771765096848,1.3621259332557307,1.4922097019246152,1.265165504618334,1.2435983893489455,1.1416463479109151,1.6837740029616706,1.6683464292085972,1.1323463375087415
